Time,Avg_Intelligence,Avg_Knowledge,Truth_Adoption,Apparent_Truth,Truth_Distortion,Avg_Suppression,Event_Horizon,Beyond_Horizon,Lifecycle_Intensity,Lifecycle_Phase,Inflation_Multiplier,Is_Inflating,Dark_Energy_Effect,Background_Knowledge
0,5.0,1.0,1.0,0.0,0.0,7.5,0.0,False,0.0,0,0.0,False,0.0,0.0
1,4.743729604358279,0.21986693307950614,3.4990978256849274,0.76,0.24,8.617642752130891,15.0,True,0.02911773320787564,0,1.0,False,0.0004975165426584046,0.21986693307950614
2,4.291908221638934,0.20887358642553083,5.989834173583496,2.439423652405722,1.0596741732792054,8.400756720211692,356.5321063672693,True,0.05653978164142126,0,1.0,False,0.0007035946421324884,0.23894183423086507
3,3.6667870093519945,0.1984299071042543,8.461867082815967,4.254578227210982,1.7352559463725141,8.01343599747661,385.1069497979344,True,0.082364894294364,0,1.0,False,0.0008617239294903655,0.25646424733950357
4,2.9017340130906377,0.18850841174904157,10.903231358681762,6.199045801487143,2.2628212813288244,7.625093027725043,407.03758239629406,True,0.10668606946672327,0,1.0,False,0.0009950330853168092,0.2717356090899523
5,2.024684797957405,0.1790829911615895,13.30203009223164,8.215917309403748,2.687314049278014,7.253498730742647,429.1545026761044,True,0.12959088965914106,0,1.0,False,0.0011124808093148668,0.2841470984807897
6,1.0598542203834787,0.17012884160351,15.647302557084345,10.2741793478705,3.027850744361139,6.899785616491977,452.34402256325603,True,0.1511618369644845,0,1.0,False,0.0012186616681067115,0.29320390859672263
7,0.028346618131629732,0.1616223995233345,17.929701949136557,12.350775341279867,3.2965272158044785,6.563296071705311,476.7708589978804,True,0.17147659009247163,0,1.0,True,0.0013163050450147964,0.298544972998846
8,-1.0514691983563276,0.15354127954716776,20.14193890938605,14.426523104157718,3.503178844978839,6.243213715707826,502.51483931049296,True,0.19060830409692958,0,2.0,True,0.0014071892842649769,0.29995736030415054
9,-2.1636507922229207,0.14586421556980936,22.278949801780662,16.48554920727625,3.6563897021098004,5.9387409892323975,529.6486704839383,True,0.20862587381300518,0,1.7408182206817178,True,0.001492549627975214,0.2973847630878195
10,-3.2944092489853483,0.1385710047913189,24.33782190790106,18.51516414692377,3.7637856548568926,5.64911691958845,558.2475921625398,True,0.2255941819529868,0,1.5488116360940265,True,0.0015732854484128817,0.2909297426825682
11,-4.431865645366794,0.13164245455175294,26.317547372293543,20.50566187271773,3.832160035183327,5.373617391530222,588.3907368097373,True,0.2415743327541504,0,1.4065696597405992,True,0.0016500756989927747,0.28084964038195903
12,-5.565833373117028,0.1250603318241653,28.218685643748607,22.45000379578997,3.86754357650357,5.111553575843696,620.1614890170172,True,0.25662387202001413,0,1.3011942119122022,True,0.001723447858980731,0.2675463180551151
13,-6.687623588611951,0.118807315232957,30.04300163668929,24.343430445224126,3.8752551985244814,4.86227023337086,653.6477332754268,True,0.27079699434738824,0,1.22313016014843,True,0.001793821404946445,0.2515501371821464
14,-7.7898713900750325,0.11286694947130915,31.793125739821296,26.18305183361615,3.85994980307314,4.625144079612111,688.9420991664302,True,0.28414473828546016,0,1.1652988882215864,True,0.0018615364468800525,0.23349881501559047
15,-8.866380577828709,0.1072236019977437,33.47226095274729,27.96745639893584,3.8256693408854545,4.399582226649781,726.142217846851,True,0.2967151701297004,0,1.1224564282529819,True,0.001926873284178693,0.21411200080598675
16,-9.911985074542299,0.1018624218978565,35.08394633280051,29.696362986090076,3.775897966657216,4.185020700788678,765.3509921458303,True,0.30855355701244397,0,1.0907179532894125,True,0.0019900661706336183,0.194162585657242
17,-10.922425280170483,0.09676930080296367,36.63187560140945,31.370326760109666,3.713619572690842,3.9809230324593683,806.6768812169731,True,0.3197025299134608,0,1.2,True,0.002051313255872717,0.17444588979731684
18,-11.894237813328317,0.09193083576281548,38.11976431120946,32.990500318692995,3.641375282716454,3.786778914886311,850.2342005569769,True,0.33020223717753044,0,1.2,True,0.002110783926397465,0.15574795567051475
19,-12.824657249517362,0.0873342939746747,39.55125692483575,34.55844558308428,3.5613187281251832,3.6021029281701744,896.1434382235606,True,0.3400904890918481,0,1.2,True,0.002168624332187729,0.1388142109057281
20,-13.711528608876042,0.08296757927594095,40.92986512530993,36.07598938881714,3.4752675360186034,3.4264333255945116,944.5315881277617,True,0.349402894043899,0,1.2,True,0.0022249616186297335,0.12431975046920718
21,-14.553229473722672,0.0788192003121439,42.25892965318966,37.545115019733004,3.384750105576927,3.2593308791222513,995.5325013225913,True,0.3581729867501148,0,1.2,True,0.002279907216224865,0.1128424227586412
22,-15.348600730643867,0.0748782402965367,43.54159930702947,38.967882363675486,3.2910472895141782,3.1003777811954363,1049.2872562597754,True,0.36643234901707483,0,1.2,True,0.0023335594324578467,0.1048397926110484
23,-16.096885034634962,0.07113432828170986,44.79159930702947,40.34637031785085,3.1952289891786236,2.9491766000923776,1105.9445490387825,True,0.37421072347012174,0,1.2,True,0.002386005518650734,0.10063089963665356
24,-16.797672185052008,0.06757761186762437,46.04159930702947,41.692667754956254,3.098931552073221,2.805349286230334,1165.6611047276292,True,0.3815361206589391,0,1.2,True,0.002437323336213423,0.10038353911641595
25,-17.450850685981926,0.06419873127424315,47.29159930702947,43.036879527535646,3.004719779493822,2.6685362269291857,1228.6021108932555,True,0.3884349199257851,0,1.2,True,0.002487582713292023,0.10410757253368616
26,-18.0565648380544,0.060988794710530994,48.54159930702947,44.37899255591795,2.912606751111528,2.5383953472727314,1294.941674540686,True,0.39493196439961764,0,1.2,True,0.0025368465593504225,0.11165453442798469
27,-18.61517677557714,0.057939354975004444,49.79159930702947,45.71900030125263,2.822599005776847,2.4146012548195257,1364.8633037249472,True,0.40105065045819266,0,1.2,True,0.002585171788471097,0.12272355124440129
28,-19.127232922952736,0.05504238722625422,51.04159930702947,47.05690196161558,2.7346973454138883,2.2968444260247756,1438.560415167972,True,0.406813011980295,0,1.2,True,0.002632610090029593,0.13687333621276793
29,-19.593434398325048,0.052290267864941495,52.29159930702947,48.392701772940505,2.6488975340889644,2.184830432339112,1516.2368692846442,True,0.41223979969150154,0,1.2,True,0.0026792085764912725,0.15353978205862434
30,-20.014610940927064,0.04967575447169442,53.54159930702947,49.72640839851135,2.565190908518116,2.0782792040492772,1598.107534097951,True,0.4173505558892067,0,1.2,True,0.0027250103314598946,0.17205845018010743
31,-20.391697982216908,0.0471919667481097,54.79159930702947,51.058034393631644,2.483564913397829,1.9769243300201076,1684.3988796031379,True,0.4221636848160013,0,1.2,True,0.0027700548761318677,0.19169105971825037
32,-20.72571652009091,0.04483236841070421,56.04159930702947,52.38759573440506,2.4040035726244118,1.8805123915869728,1775.3496042249835,True,0.4266965189348249,0,1.2,True,0.0028143785685299538,0.21165492048504939
33,-21.01775549069987,0.042590749990169,57.29159930702947,53.71511140143795,2.3264879055915206,1.7888023289331998,1871.2112951010752,True,0.4309653813445536,0,1.2,True,0.002858014946990215,0.23115413635133789
34,-21.268956364065822,0.04046121249066055,58.54159930702947,55.040603010799195,2.250996296230277,1.7015648383682531,1972.2491240175405,True,0.43498564456078703,0,1.2,True,0.0029009950271309073,0.2494113351138609
35,-21.480499718161433,0.03843815186612752,59.79159930702947,56.36409448581826,2.17750482121121,1.6185817989996942,2078.7425809223246,True,0.438771785873509,0,1.2,True,0.002943347559779005,0.2656986598718789
36,-21.653593571694774,0.036516244272821144,61.04159930702947,57.685611764323454,2.1059875427060155,1.5396457273654185,2190.986247045034,True,0.44233743948096876,0,1.2,True,0.002985099255950428,0.2793667863849153
37,-21.789463278828045,0.034690432059180085,62.29159930702947,59.00518253676329,2.0364167702661766,1.4645592586626186,2309.2906097619075,True,0.445695445587521,0,1.2,True,0.0030262749838860597,0.28987080958116274
38,-21.889342809710588,0.03295591045622108,63.54159930702947,60.32283601134904,1.9687632956804348,1.3931346532763724,2433.9829214600154,True,0.4488578966422313,0,1.2,True,0.0030668979422721816,0.29679196720314865
39,-21.954467259257434,0.03130811493341002,64.79159930702947,61.6386027029333,1.902996604096176,1.3251933273740453,2565.408104776405,True,0.45183618088475347,0,1.2,True,0.0031069898130718283,0.2998543345374605
40,-21.98606644326627,0.02974270918673952,66.04159930702947,62.952514242819916,1.8390850642095538,1.2605654063918625,2703.929706716266,True,0.45464102335529377,0,1.2,True,0.0031465708968257634,0.2989358246623382
41,-21.985359455926247,0.02825557372740254,67.29159930702947,64.26460320710167,1.776996099927795,1.1990893002972187,2849.9309042893697,True,0.4572825245163394,0,1.2,True,0.0031856602328198245,0.29407305566797726
42,-21.953550076202827,0.026842795041032413,68.54159930702947,65.57490296145889,1.716696345570587,1.1406112995647877,3003.815564446518,True,0.4597701966252338,0,1.2,True,0.0032242757061374935,0.28545989080882805
43,-21.891822922637125,0.025500655288980788,69.79159930702947,66.88344752063492,1.6581517863945554,1.08498519085622,3166.0093612480164,True,0.46211299798857725,0,1.2,True,0.003262434143305762,0.2734397097874114
44,-21.801340266913495,0.02422562252453175,71.04159930702947,68.19027142104352,1.6013278859859572,1.0320718914425449,3336.96095335439,True,0.46431936522180695,0,1.2,True,0.0033001513979855493,0.2584917192891762
45,-21.683239426250964,0.02301434139830516,72.29159930702947,69.49540960516465,1.546189701864816,0.9817391014552115,3517.1432250965195,True,0.46639724363012514,0,1.2,True,0.0033374424279446003,0.24121184852417568
46,-21.53863066337319,0.0218636243283899,73.54159930702947,70.79889731655727,1.492701990472195,0.9338609730962972,3707.054594558215,True,0.46835411582017966,0,1.2,True,0.003374321364372919,0.22228899141002462
47,-21.368595530610357,0.020770443111970405,74.79159930702947,72.10077000446304,1.4408293025664278,0.8883177959808156,3907.2203922895624,True,0.4701970286455303,0,1.2,True,0.003410801574451714,0.2024775425453358
48,-21.17418560167392,0.019731920956371884,76.04159930702947,73.40106323709988,1.3905360699295988,0.8449956978243843,4118.194314464841,True,0.4719326185829331,0,1.2,True,0.003446895717961462,0.18256732187770186
49,-20.95642154090519,0.01874532490855329,77.29159930702947,74.6998126228505,1.3417866841789758,0.8037863597278884,4340.55995450467,True,0.4735671356308248,0,1.2,True,0.0034826157986088324,0.16335208707480717
50,-20.583646197493458,0.017808058663125622,78.54159930702947,75.99705373864283,1.2945455683866447,0.7645867453472623,4574.932417399118,True,0.737553232908034,1,1.2,True,0.0035179732106624417,0.145597888911063
51,-20.01761022740842,0.01691765572996934,79.79159930702947,77.29282206489759,1.2487772421318764,0.7272988432712403,4821.960021197255,True,1.0313952597646567,1,1.2,True,0.0035529787814110826,0.13001253124064566
52,-19.390534615096907,0.016071772943470872,81.04159930702947,78.58715292648662,1.204446380542849,0.6918294219629426,5082.326090369752,True,1.0626666167821521,1,1.2,True,0.00358764280989289,0.11721735309143465
53,-18.702173964595666,0.015268184296297328,82.29159930702947,79.8800814392039,1.1615178678255615,0.6580897966525768,5356.750846005306,True,1.0936906572928624,1,1.2,True,0.003621975102288104,0.10772245783871927
54,-17.952471890661933,0.01450477508148246,83.54159930702947,81.17164246130271,1.1199568457267668,0.6259956075984225,5645.993398069432,True,1.1243449435824273,1,1.2,True,0.0036559850043201346,0.10190637699335085
55,-17.14156800226877,0.013779536327408337,84.79159930702947,82.4618705496961,1.0797287573333774,0.5954666091616824,5950.853845236586,True,1.1545084971874737,1,1.2,True,0.003689681430968325,0.10000097934492966
56,-16.26980285409088,0.013090559511037918,86.04159930702947,83.75079992045744,1.0407993865720386,0.5664264691678258,6272.175488104095,True,1.184062276342339,1,1.2,True,0.003723072893760105,0.1020822270848683
57,-15.337720974658694,0.012436031535486022,87.29159930702947,85.03846441329082,1.0031348937386422,0.5388025780527711,6610.847161910008,True,1.2128896457825364,1,1.2,True,0.0037561675258792723,0.10806714743353243
58,-14.346072080341198,0.01181422995871172,88.54159930702947,86.32489745967169,0.9667018473577766,0.5125258673167126,6967.805695207562,True,1.2408768370508576,1,1.2,True,0.0037889731053002717,0.11771714050312922
59,-13.295810584368263,0.011223518460776134,89.79159930702947,87.61013205438361,0.931467252645854,0.4875306368316764,7344.038501297353,True,1.2679133974894983,1,1.2,True,0.003821497076134896,0.13064749152228777
60,-12.188093509762982,0.010662342537737327,91.04159930702947,88.894200730201,0.8973985768284669,0.4637543905710193,7740.586309585578,True,1.2938926261462367,1,1.2,True,0.003853746568357386,0.1463427081999565
61,-11.024276914364133,0.01012922541085046,92.29159930702947,90.17713553548752,0.864463771541956,0.4411376803501491,8158.546044423684,True,1.3187119948743449,1,1.2,True,0.0038857284160560036,0.1641770717763173
62,-9.805910935115056,0.009622764140307936,93.54159930702947,91.45896801449861,0.8326312925308689,0.4196239571877715,8599.073859392805,True,1.3422735529643444,1,1.2,True,0.003917449174343411,0.18343958245516906
63,-8.534733557512201,0.00914162593329254,94.79159930702947,92.73972919019282,0.801870116836653,0.3991594299160194,8392.47914375543,True,1.3644843137107059,1,1.2,True,0.00394891513504439,0.20336230472211386
64,-7.212663214576166,0.008684544636627912,96.04159930702947,94.0194495493712,0.7721497576582658,0.37969293068595233,7983.188598320387,True,1.3852566213878945,1,1.2,True,0.003980132341267237,0.22315098251015392
65,-5.84179031795855,0.008250317404796516,97.29159930702947,95.29815902997724,0.7434402770522359,0.3611757870321468,7593.858613719046,True,1.4045084971874737,1,1.2,True,0.004011106600954428,0.2420167036826641
66,-4.424367821856128,0.007837801534556689,98.54159930702947,96.57588701040166,0.7157122966278094,0.3435617001765023,7223.515740642936,True,1.4221639627510076,1,1.2,True,0.004041843499498585,0.2592073514707225
67,-2.9628009182932846,0.007445911457828855,99.79159930702947,97.85266230064742,0.68893700638205,0.3268066292669861,6871.234003530045,True,1.4381533400219317,1,1.2,True,0.00407234841150137,0.2740375889952449
68,-1.4596359600758841,0.007073615884937411,101.04159930702947,99.12851313521949,0.6630861718099786,0.31086868126187794,6536.132585339722,True,1.4524135262330098,1,1.2,True,0.004102626511745434,0.2859161814856497
69,0.08245129466582383,0.00671993509069054,102.29159930702947,100.40346716761357,0.6381321394158987,0.29570800618419557,6217.373625237558,True,1.4648882429441257,1,1.2,True,0.004132682785442802,0.2943695669444105
70,1.6606680249239012,0.006383938336156013,103.54159930702947,101.67755146628558,0.6140478407438908,0.2812866974844012,5914.1601236839115,True,1.4755282581475768,1,1.2,True,0.004162522037817223,0.29906073556948704
71,3.272117187419257,0.006064741419348212,104.79159930702947,102.95079251199154,0.5908067950379279,0.26756869726227084,5625.733949688024,True,1.4842915805643155,1,1.2,True,0.0041921489030726025,0.2998026652716362
72,4.913810769211591,0.0057615043483808005,106.04159930702947,104.2232161963943,0.5683831106351616,0.2545197061109493,5351.3739452454165,True,1.4911436253643444,1,1.2,True,0.00422156785279493,0.29656577765492775
73,6.58268336889972,0.005473429130961761,107.29159930702947,105.49484782183995,0.5467514851895117,0.24210709735777503,5090.394122218986,True,1.496057350657239,1,1.2,True,0.004250783203830838,0.28947911721405034
74,8.275606025802198,0.005199757674413673,108.54159930702947,106.76571210221272,0.5258872048167563,0.2302998354874523,4842.1419471555,True,1.499013364214136,1,1.2,True,0.004279799125682085,0.27882520673753164
75,9.989400219361794,0.004939769790692989,109.79159930702947,108.03583316478267,0.5057661422468053,0.21906839854360216,4605.996709749046,True,1.5,1,1.2,True,0.004308619647451828,0.2650287840157117
76,11.72085196391385,0.004692781301158339,111.04159930702947,109.3052345529658,0.4863647540636753,0.20838470431467426,4381.367970872043,True,1.499013364214136,1,1.2,True,0.004337248664375458,0.24863986888537984
77,13.466725926891353,0.004458142236100421,112.29159930702947,110.57393922992058,0.4676600771088832,0.1982220401196621,4167.694086293485,True,1.4960573506572388,1,1.2,True,0.004365689943965955,0.23031183567457025
78,15.223779501503023,0.0042352351242954,113.54159930702947,111.84196958291002,0.4496297241194503,0.18855499601806344,3964.440802393242,True,1.4911436253643444,1,1.2,True,0.0043939471318012275,0.21077536522994425
79,16.98877676790967,0.00402347336808063,114.79159930702947,113.109347428362,0.4322518786674772,0.17935940127709285,3771.0999203612687,True,1.4842915805643155,1,1.2,True,0.004422023756978585,0.19080931497723186
80,18.75850227993521,0.0038222996996765983,116.04159930702947,114.37609401756521,0.4155052894642638,0.17061226393729276,3587.188025541857,True,1.4755282581475768,1,1.2,True,0.004449923237259467,0.1712096683334935
81,20.52977461737761,0.003631184714692768,117.29159930702947,115.64223004294129,0.39936926408818246,0.1622917133254415,3412.245278745855,True,1.4648882429441257,1,1.2,True,0.004477648883925642,0.15275780136015338
82,22.2994596470294,0.0034496254789581292,118.54159930702947,116.9077756448375,0.3838236621919787,0.1543769453710207,3245.83426650883,True,1.4524135262330098,1,1.2,True,0.004505203906366427,0.13618933176520498
83,24.064483438574506,0.0032771442050102224,119.79159930702947,118.17275041878766,0.36884888824180767,0.1468481705895191,3087.538907420414,True,1.4381533400219317,1,1.2,True,0.004532591416414907,0.12216479214657015
84,25.82184478459544,0.0031132869947597115,121.04159930702947,119.43717342319232,0.35442588383715257,0.13968656460251258,2936.963411790382,True,1.4221639627510074,1,1.2,True,0.00455981443244973,0.11124329664184955
85,27.56862727700087,0.0029576226450217257,122.29159930702947,120.70106318737172,0.34053611965775943,0.13287422107080848,2793.7312920502513,True,1.4045084971874737,1,1.2,True,0.004586875883277814,0.10386025081204432
86,29.302010895265916,0.0028097415127706395,123.54159930702947,121.96443771994859,0.3271615870808824,0.12639410692297046,2657.4844214161694,True,1.3852566213878945,1,1.2,True,0.004613778611812058,0.1003099933958404
87,31.019283064964537,0.0026692544371321072,124.79159930702947,123.22731451752004,0.31428478950942496,0.12023001976728323,2527.882138459409,True,1.3644843137107059,1,1.2,True,0.004640525378557171,0.10073406195293673
88,32.717849148163495,0.002535791715275502,126.04159930702947,124.48971057358047,0.3018887334490056,0.11436654738067349,2404.6003953456643,True,1.3422735529643444,1,1.2,True,0.004667118864915693,0.10511555020818761
89,34.39524233033815,0.002409002129511727,127.29159930702947,125.75164238765994,0.2899569193695365,0.10878902917329636,2287.3309476134696,True,1.3187119948743449,1,1.2,True,0.004693561676325423,0.11327978205144187
90,36.04913287156073,0.0022885520230361404,128.54159930702946,127.01312597464488,0.2784733323845982,0.10348351953243848,2175.780583465927,True,1.2938926261462367,1,1.2,True,0.004719856345238645,0.1249012753228324
91,37.67733669279834,0.0021741244218843334,129.79159930702946,128.27417687424978,0.2674224327796958,0.09843675295408565,2069.6703906487696,True,1.2679133974894985,1,1.2,True,0.004746005333952782,0.1395167177593716
92,39.277823271239996,0.0020654182007901166,131.04159930702946,129.53481016061107,0.2567891464183986,0.09363611087497278,1968.7350590817127,True,1.2408768370508578,1,1.2,True,0.004772011037301468,0.15654343779281066
93,40.848722821645346,0.0019621472907506107,132.29159930702946,130.79504045197606,0.24655885505338457,0.08906959012218749,1872.7222174994556,True,1.2128896457825364,1,1.2,True,0.004797875785214308,0.17530263382633793
94,42.38833274377112,0.0018640399262130803,133.54159930702946,132.05488192046192,0.2367173865675338,0.08472577290143983,1781.3918024437496,True,1.1840622763423392,1,1.2,True,0.00482360184515312,0.19504643591216328
95,43.895123318980325,0.001770837929902426,134.79159930702946,133.31434830186103,0.22725100516842525,0.0805937982489619,1694.5154580287965,True,1.1545084971874737,1,1.2,True,0.004849191424431846,0.21498772096629526
96,45.36774264217179,0.001682296033407305,136.04159930702946,134.57345290547156,0.21814640155790765,0.07666333487565637,1611.875964979238,True,1.1243449435824273,1,1.2,True,0.004874646672426846,0.2343314928819899
97,46.80502077817897,0.0015981812317369397,137.29159930702946,135.83220862393267,0.20939068309679787,0.07292455533559739,1533.2666975131272,True,1.0936906572928624,1,1.2,True,0.004899969682683853,0.25230657651576993
98,48.20597313477434,0.0015182721701500923,138.54159930702946,137.0906279430462,0.200971363983246,0.06936811145429597,1458.4911067119476,True,1.0626666167821524,1,1.2,True,0.004925162494927418,0.26819636200681357
99,49.56980304737351,0.0014423585616425876,139.79159930702946,138.3487229515676,0.19287635546185747,0.06598511095529427,1387.3622290859194,True,1.0313952597646567,1,1.2,True,0.0049502270969783236,0.2813673737507105
100,51.22742870498016,0.0013702406335604582,141.04159930702946,139.60650535095016,0.1850939560792999,0.06276709522664714,1319.7022191058854,True,1.25,2,1.2,True,0.004975165426584046,0.29129452507276277
101,53.300964818651174,0.0013017286018824352,142.29159930702946,140.86398646502863,0.1776128420008256,0.05970601817170048,1255.3419045329429,True,1.5594000000000001,2,1.2,True,0.004999979373167052,0.29758205177669766
102,55.45743038465404,0.0012366421717883134,143.54159930702946,142.12117724962854,0.17042205740091837,0.056794226091287495,1194.1203634340095,True,1.6176,2,1.2,True,0.005024670779495385,0.29997929001426693
103,57.69534087140223,0.0011748100631988976,144.79159930702946,143.37808830208934,0.1635110049401177,0.054024438547040934,1135.8845218257497,True,1.6746,2,1.2,True,0.005049241443279726,0.29839066946186166
104,60.013185537882464,0.0011160695600389526,146.04159930702946,144.63472987069048,0.15686943633897799,0.05138973015797493,1080.4887709408185,True,1.7304,2,1.2,True,0.005073693118700845,0.29287952340772405
105,62.40942970384913,0.001060266082037005,147.29159930702946,145.89111186397037,0.1504874430590954,0.048883513284821524,1027.7946031594986,True,1.785,2,1.2,True,0.00509802751787111,0.28366556385360564
106,64.88251685238514,0.0010072527779351548,148.54159930702946,147.1472438599293,0.14435544710015852,0.0464995215588276,977.6702656964304,True,1.8384,2,1.2,True,0.005122246312233516,0.271116122290598
107,67.43087057617765,0.0009568901390383971,149.79159930702946,148.4031351151084,0.13846419192106693,0.044231794213829265,929.9904311765519,True,1.8906,2,1.2,True,0.005146351133901439,0.25573150535176586
108,69.89456417286041,0.0009090456320864773,151.04159930702946,149.65879457353716,0.13280473349230065,0.0420746611824286,884.6358842765852,True,1.9416,2,1.2,True,0.005170343576942194,0.23812504916549404
109,72.24595547552974,0.0008635933504821532,152.29159930702946,150.91423087554355,0.1273684314859135,0.040022728919009196,841.493223648572,True,1.9913999999999998,2,1.2,True,0.005194225198607215,0.21899866757954378
110,74.48387719446256,0.0008204136829580456,153.54159930702946,152.1694523664207,0.12214694060876573,0.03807086691414305,800.4545783801839,True,2.04,2,1.2,True,0.005217997520511574,0.19911486907095963
111,76.60765162183979,0.0007793929988101433,154.79159930702946,153.42446710494556,0.11713220208389677,0.036214194866671094,761.4173382828609,True,2.0873999999999997,2,1.2,True,0.00524166202976534,0.17926635793932377
112,78.6170416335124,0.0007404233488696361,156.04159930702946,154.6792828717452,0.11231643528427443,0.034448070481383423,724.2838973334218,True,2.1336000000000004,2,1.2,True,0.005265220180059186,0.1602444316878564
113,80.51220555525764,0.0007034021814261543,157.29159930702946,155.93390717750694,0.10769212952253093,0.03276807786178941,688.9614096276684,True,2.1786,2,1.2,True,0.00528867339270646,0.14280743448904362
114,82.2936556243842,0.0006682320723548466,158.54159930702946,157.18834727102976,0.1032520359997138,0.031170016468956396,655.3615572357882,True,2.2224,2,1.2,True,0.00531202305764386,0.1276505243955755
115,83.96221979455494,0.0006348204687371042,159.79159930702946,158.44261014711392,0.09898915991553665,0.029649890618810442,623.4003293791279,True,2.265,2,1.2,True,0.005335270534392684,0.11537795958248294
116,85.5190066477463,0.0006030794453002489,161.04159930702946,159.69670255428736,0.09489675274210839,0.028203899491639067,592.9978123762088,True,2.3064,2,1.2,True,0.005358417152982545,0.10647900848054599
117,86.96537319240005,0.0005729254730352365,162.29159930702946,160.9506310023668,0.09096830466264692,0.02682842762881677,564.0779898327813,True,2.3466,2,1.2,True,0.005381464214839335,0.10130844418793507
118,88.30289534108742,0.0005442791993834746,163.54159930702946,162.2044017698532,0.08719753717624862,0.025520035892991948,536.5685525763354,True,2.3856,2,1.2,True,0.005404412993639098,0.10007240078633724
119,89.53334087443828,0.0005170652394143009,164.79159930702946,163.45802091116008,0.08357839586937725,0.024275452869133136,510.40071785983895,True,2.4234,2,1.2,True,0.005427264736129415,0.10282015542561368
120,90.658644710733,0.0004912119774435859,166.04159930702946,164.7114942636751,0.08010504335436376,0.02309156668493432,485.5090573826627,True,2.46,2,1.2,True,0.005450020662919789,0.10944216379933762
121,91.6808863124472,0.00046665137857140654,167.29159930702946,165.9648274546546,0.0767718523748603,0.021965417230127782,461.83133369868636,True,2.4954,2,1.2,True,0.005472681969242451,0.11967442733060474
122,92.60226907222103,0.00044331880964283623,168.54159930702946,167.21802590795158,0.07357339907787437,0.020894188755250488,439.3083446025556,True,2.5296,2,1.2,True,0.005495249825684925,0.13310901796219785
123,93.42510153123132,0.0004211528691606944,169.79159930702946,168.47109485057774,0.0705044564517168,0.01987520283135829,417.88377510500976,True,2.5626,2,1.2,True,0.005517725378895635,0.1492103409609378
124,94.15178029281091,0.00040009522570265963,171.04159930702946,169.72403931910054,0.06755998792892706,0.01890591165308538,397.50405662716577,True,2.5944000000000003,2,1.2,True,0.005540109752263735,0.16733648738952778
125,94.78477450342211,0.0003800904644175267,172.29159930702946,170.97686416587646,0.06473514115299699,0.017983891668304348,378.11823306170754,True,2.625,2,1.2,True,0.005562404046574334,0.1867648249902227
126,95.32661178177905,0.0003610859411966504,173.54159930702946,172.22957406512197,0.06202524190748859,0.017106837518458987,359.67783336608693,True,2.6544,2,1.2,True,0.005584609340640157,0.20672080725254785
127,95.77986548506411,0.0003430316441368178,174.79159930702946,173.48217351882352,0.05942578820593963,0.016272556274418898,342.1367503691797,True,2.6826,2,1.2,True,0.005606726691910714,0.2264088521384473
128,96.14714320881963,0.0003258800619299769,176.04159930702946,174.7346668624887,0.05693244454076782,0.01547896195344351,325.45112548837795,True,2.7096,2,1.2,True,0.0056287571370599076,0.24504405942753893
129,96.4310764242536,0.00030958605883347806,177.29159930702946,175.98705827074025,0.05454103628921824,0.01472407030354643,309.57923906887015,True,2.7354,2,1.2,True,0.005650701692553024,0.26188350221200396
130,96.63431116339919,0.00029410675589180415,178.54159930702946,177.2393517627552,0.052247544274251795,0.014005993842219238,294.4814060709286,True,2.76,2,1.2,True,0.005672561355193999,0.2762558450479603
131,96.75949966884163,0.00027940141809721394,179.79159930702946,178.4915512075513,0.05004809947813987,0.01332293713711002,280.11987684438475,True,2.7834,2,1.2,True,0.005694337102653754,0.28758810798108914
132,96.8092929305965,0.0002654313471923532,181.04159930702946,179.74366032912303,0.04793897790641377,0.01267319231685687,266.4587427422004,True,2.8056,2,1.2,True,0.00571602989398043,0.2954285094492698
133,96.78633403821411,0.00025215977983273556,182.29159930702946,180.99568271142974,0.045916595599715046,0.012055134800851925,253.4638463371374,True,2.8266,2,1.2,True,0.005737640670092255,0.2994644773877838
134,96.69325228131825,0.00023955179084109878,183.54159930702946,182.24762180323845,0.04397750379100279,0.01146721923725913,241.10269601703848,True,2.8464,2,1.2,True,0.005759170354253768,0.29953511049115594
135,96.53265793658507,0.00022757420129904384,184.79159930702946,183.49948092282395,0.04211838420549769,0.010907975639129434,229.3443847451826,True,2.8649999999999998,2,1.2,True,0.005780619852536079,0.2956375928404503
136,96.30713768365067,0.00021619549123409163,186.04159930702946,184.7512632625288,0.04033604450067651,0.010376005708952411,218.15951278258868,True,2.8824,2,1.2,True,0.005801990054261815,0.2879273061650723
137,96.01925059662075,0.00020538571667238706,187.29159930702946,186.00297189318587,0.03862741384357564,0.009869979342454666,207.52011417904822,True,2.8986,2,1.2,True,0.005823281832435366,0.2767116352635528
138,95.67152466176314,0.00019511643083876766,188.54159930702946,187.25460976840685,0.036989538622618154,0.009388631302903244,197.3995868490933,True,2.9136,2,1.2,True,0.005844496044159031,0.26243771354163914
139,95.26645377560986,0.00018536060929682927,189.79159930702946,188.50617972873832,0.03541957829114234,0.00893075805759889,187.77262605806487,True,2.9274,2,1.2,True,0.005865633531035614,0.2456745972144193
140,94.80649518109587,0.0001760925788319878,191.04159930702946,189.75768450568967,0.03391480133978352,0.008495214768649312,178.6151611519778,True,2.94,2,1.2,True,0.00588669511955801,0.22709057883078693
141,94.29406730253208,0.0001672879498903884,192.29159930702946,191.00912672563462,0.0324725813948413,0.00808091243049843,169.90429537298624,True,2.9514,2,1.2,True,0.005907681621486289,0.2074265445584358
142,93.73154794316576,0.00015892355239586895,193.54159930702946,192.26050891358972,0.03109039343975277,0.007686815147054563,161.6182486099686,True,2.9616000000000002,2,1.2,True,0.005928593834212768,0.18746643739035673
143,93.1212728118339,0.0001509773747760755,194.79159930702946,193.51183349687267,0.029765810156787656,0.007311937541609416,153.73630294109125,True,2.9706,2,1.2,True,0.005949432541115532,0.1680060038115802
144,92.46553434777971,0.0001434285060372717,196.04159930702946,194.76310280864337,0.028496498386081832,0.0069553422930719545,146.23875083218832,True,2.9784000000000006,2,1.2,True,0.005970198511900856,0.14982106989794258
145,91.76658081508815,0.0001362570807354081,197.29159930702946,196.01431909133032,0.02728021569913377,0.006616137792356895,139.10684586143907,True,2.9850000000000003,2,1.2,True,0.005990892502934931,0.13363661157870327
146,91.02661564041887,0.0001294442266986377,198.54159930702946,197.26548449994556,0.02611480708389981,0.006293475913068022,132.3227558471379,True,2.9904,2,1.2,True,0.006011515257565328,0.12009785213403841
147,90.24779696977862,0.0001229720153637058,199.79159930702946,198.51660110529082,0.02499820173864146,0.005986549890902406,125.86951826136044,True,2.9946,2,1.2,True,0.0060320675064325585,0.1097445391789813
148,89.43223742199774,0.00011682341459552052,201.04159930702946,199.76767089705777,0.023928409971699566,0.005694592306473232,119.73099781804812,True,2.9976,2,1.2,True,0.006052549967772119,0.10298942662928147
149,88.58200401835902,0.0001109822438657445,202.29159930702946,201.01869578682505,0.02290352020439504,0.005416873166507787,113.89184612946464,True,2.9994,2,1.2,True,0.006072963347707365,0.10010181950530506
150,87.69911826948604,0.00010543313167245724,203.54159930702946,202.26967761095517,0.02192169607428532,0.005152698078622868,108.33746333015573,True,3.0,2,1.2,True,0.006093308340533558,0.10119683759071382
151,71.0934099549763,0.0001001614750888344,204.79159930702946,203.5206181333934,0.020981173636037208,5.236663241269041,103.05396157245735,True,2.9994,2,1.2,True,0.006113585628993397,0.10623082596997202
152,53.27574043682607,9.515340133439267e-05,206.04159930702946,175.7351696465032,29.056429660526263,5.556761971182127,104733.26482538081,True,2.9976,2,1.2,True,0.006133795884544363,0.11500309541206738
153,36.070892751322546,9.039573126767303e-05,207.29159930702946,174.33335988796188,31.708239419067578,5.349059817795213,111135.23942364253,True,2.9946,2,1.2,True,0.006153939767618151,0.12716392321684067
154,19.640148894634237,8.587594470428938e-05,208.54159930702946,177.01872533088647,30.272873976142996,5.095146574379971,106981.19635590426,True,2.9904,2,1.2,True,0.00617401792787249,0.14222849555542683
155,3.970859096355558,8.158214746907491e-05,209.79159930702946,180.0260551421064,28.515544164923057,4.8474193328573145,101902.93148759942,True,2.985,2,1.2,True,0.006194031004435616,0.1595962354676935
156,-10.967553294391916,7.750304009562115e-05,211.04159930702946,182.9460638384177,26.845535468611764,4.611092166922225,96948.38665714629,True,2.9783999999999997,2,1.2,True,0.006213979626143657,0.1785747459704116
157,-25.20656677279701,7.362788809084009e-05,212.29159930702946,185.74721776897962,25.294381538049834,4.386215822885249,92221.8433384445,True,2.9706,2,1.2,True,0.006233864411771179,0.19840741373999018
158,-38.77671574441281,6.994649368629808e-05,213.54159930702946,188.43686271317,23.854736593859457,4.172298578388337,87724.31645770498,True,2.9616000000000002,2,1.2,True,0.006253685970255142,0.21830357289805882
159,-51.70740965930061,6.644916900198317e-05,214.79159930702946,191.02514445404756,22.516454852981894,3.9688132933435005,83445.97156776673,True,2.9514,2,1.2,True,0.006273444900912478,0.2374700263649462
160,-64.02693578981913,6.3126710551884e-05,216.04159930702946,193.5213647267214,21.270234580308042,3.7752520026631693,79376.26586687,True,2.94,2,1.2,True,0.006293141793651527,0.2551426681241691
161,-75.76248306652698,5.9970375024289804e-05,217.29159930702946,195.93376205553454,20.1078372514949,3.591130796277015,75505.04005326338,True,2.9274,2,1.2,True,0.006312777229177529,0.27061694571803346
162,-86.94016896502094,5.697185627307531e-05,218.54159930702946,198.26962906994055,19.02197023708892,3.4159892856261416,71822.6159255403,True,2.9136,2,1.2,True,0.0063323517791923955,0.283275948530778
163,-97.58506729677512,5.412326345942155e-05,219.79159930702946,200.53544206186152,18.00615724516794,3.249389526869302,68319.78571252283,True,2.8986,2,1.2,True,0.006351866006588919,0.29261500206805285
164,-107.72123651214478,5.141710028645046e-05,221.04159930702946,202.73697262276073,17.05462668426874,3.0909149339811557,64987.790537386034,True,2.8824,2,1.2,True,0.006371320465639649,0.2982617877364141
165,-117.37174833260796,4.8846245272127945e-05,222.29159930702946,204.8793817142585,16.162217592770958,2.940169237970731,61818.29867962311,True,2.8649999999999998,2,1.2,True,0.006390715702180579,0.2999911860107267
166,-126.55871656763823,4.6403933008521546e-05,223.54159930702946,206.96729905437908,15.324300252650364,2.7967754961016498,58803.38475941462,True,2.8464,2,1.2,True,0.0064100522537898375,0.29773425123922587
167,-135.30332598998905,4.408373635809547e-05,224.79159930702946,209.00489039738056,14.536708909648901,2.660375149349899,55935.509922032994,True,2.8266,2,1.2,True,0.006429330649961546,0.2915809602890819
168,-143.62586115817777,4.187954954019069e-05,226.04159930702946,210.9959148045099,13.79568450251955,2.53062712582076,53207.50298699798,True,2.8056,2,1.2,True,0.006448551412274987,0.2817766254526442
169,-151.54573508846107,3.9785572063181154e-05,227.29159930702946,212.94377360051504,13.097825706514408,2.4072069878915987,50612.5425164152,True,2.7834,2,1.2,True,0.00646771505455926,0.26871211462047395
170,-159.08151769087235,3.779629346002209e-05,228.54159930702946,214.85155239090042,12.440046916129027,2.289806120948883,48144.139757831974,True,2.7600000000000002,2,1.2,True,0.006486822083053556,0.2529082686120024
171,-166.2509638950401,3.590647878702099e-05,229.79159930702946,216.72205726116403,11.819542045865427,2.1781309616909454,45796.122418977655,True,2.7354000000000003,2,1.2,True,0.006505872996563185,0.23499513689566623
172,-173.07104140161044,3.411115484766994e-05,231.04159930702946,218.55784607696734,11.233753230062106,2.0719022640668654,43562.61923381891,True,2.7096,2,1.2,True,0.006524868286611524,0.215686859504841
173,-179.5579580042297,3.240559710528644e-05,232.29159930702946,220.3612556420478,10.680343664981663,1.9708544010159321,41438.045281337305,True,2.6826,2,1.2,True,0.006543808437587976,0.19575319652830486
174,-185.72718843527645,3.0785317250022115e-05,233.54159930702946,222.13442534002604,10.157173967003427,1.874734700261671,39417.08802031864,True,2.6544,2,1.2,True,0.006562693926892093,0.17598884020462185
175,-191.59350069594558,2.9246051387521006e-05,234.79159930702946,223.8793177804398,9.662281526589648,1.7833028124995856,37494.69400523342,True,2.625,2,1.2,True,0.0065815252250739815,0.1571817330503849
176,-197.17098183793527,2.7783748818144954e-05,236.04159930702946,225.59773688321314,9.193862423816324,1.6963301103987352,35666.05624999171,True,2.5944000000000003,2,1.2,True,0.006600302795971099,0.14008165507857348
177,-202.47306316994803,2.6394561377237703e-05,237.29159930702946,227.29134376535438,8.750255541675086,1.6135991169143584,33926.6022079747,True,2.5625999999999998,2,1.2,True,0.00661902709684155,0.12537033243550838
178,-207.5125448675388,2.507483330837582e-05,238.54159930702946,228.9616707358482,8.32992857118126,1.534902961482016,32271.982338287165,True,2.5296,2,1.2,True,0.006637698578494013,0.11363425913070441
179,-212.30161996958978,2.3821091642957025e-05,239.79159930702946,230.61013365701407,7.931465650015394,1.4600448627334541,30698.05922964032,True,2.4954,2,1.2,True,0.006656317685414378,0.10534131537150374
180,-216.85189774891242,2.2630037060809173e-05,241.04159930702946,232.23804289111064,7.553556415918826,1.388837636440719,29200.897254669082,True,2.46,2,1.2,True,0.0066748848558892005,0.10082211465568842
181,-221.1744264482204,2.149853520776871e-05,242.29159930702946,233.8466130181356,7.1949862888938485,1.3211032274581105,27776.752728814376,True,2.4233999999999996,2,1.2,True,0.006693400522126086,0.10025682325463521
182,-225.27971537603122,2.0423608447380276e-05,243.54159930702946,235.4369714833768,6.854627823652663,1.2566722644916037,26422.06454916221,True,2.3856,2,1.2,True,0.006711865110371076,0.10366797755262391
183,-229.17775635997464,1.9402428025011262e-05,244.79159930702946,237.01016631033124,6.531432996698228,1.1953836365824178,25133.445289832074,True,2.3466,2,1.2,True,0.006730279041023137,0.11091958559231387
184,-232.87804455755742,1.84323066237607e-05,246.04159930702946,238.56717299533454,6.224426311694916,1.1370840902457209,23907.672731648356,True,2.3064,2,1.2,True,0.006748642728745838,0.12172254864493501
185,-236.38959862668435,1.7510691292572665e-05,247.29159930702946,240.10890068399286,5.932698623036597,1.08162784625712,22741.681804914417,True,2.265,2,1.2,True,0.00676695658257631,0.13564618666430006
186,-239.7209802602037,1.663515672794403e-05,248.54159930702946,241.6361977157668,5.655401591262645,1.028876235128683,21632.5569251424,True,2.2224,2,1.2,True,0.0067852210060315365,0.1521354081411585
187,-242.88031309045135,1.580339889154683e-05,249.79159930702946,243.14985661139875,5.39174269563072,0.9786973503630158,20577.52470257366,True,2.1786,2,1.2,True,0.006803436397212103,0.17053283984997425
188,-245.87530097124915,1.5013228946969486e-05,251.04159930702946,244.6506185679549,5.140980739074577,0.9309657186183278,19573.947007260314,True,2.1336000000000004,2,1.2,True,0.006821603148903428,0.19010503424497105
189,-248.71324564608062,1.4262567499621011e-05,252.29159930702946,246.13917751779076,4.902421789238698,0.8855619859597408,18619.314372366556,True,2.0873999999999997,2,1.2,True,0.006839721648674596,0.21007170969925076
190,-251.4010638122564,1.3549439124639959e-05,253.54159930702946,247.61618380050643,4.675415506523018,0.8423726194123023,17711.239719194815,True,2.04,2,1.2,True,0.006857792278974824,0.22963685787093854
191,-253.94530359179652,1.2871967168407959e-05,254.79159930702946,249.08224749074634,4.459351816283106,0.8012896230694263,16847.452388246045,True,1.9913999999999998,2,1.2,True,0.006875815417227653,0.24802047804382593
192,-256.35216042053196,1.2228368809987564e-05,256.04159930702946,250.53794141935572,4.253657887673738,0.7622102680468926,16025.792461388526,True,1.9416,2,1.2,True,0.006893791435922924,0.2644896732944873
193,-258.62749236756355,1.1616950369488183e-05,257.29159930702946,251.98380392079923,4.057795386230219,0.7250368356071404,15244.205360937853,True,1.8905999999999996,2,1.2,True,0.006911720702706601,0.2783878687798293
194,-260.776834897738,1.1036102851013773e-05,258.54159930702946,253.42034133576692,3.8712579712625352,0.6896763728115406,14500.736712142807,True,1.8384000000000005,2,1.2,True,0.006929603580468496,0.2891609873041444
195,-262.80541509021475,1.0484297708463084e-05,259.79159930702946,254.84803029444365,3.6935690125857996,0.6560404600896461,13793.527456230811,True,1.7850000000000001,2,1.2,True,0.0069474404274279715,0.2963795386284088
196,-264.7181653265201,9.96008282303993e-06,261.04159930702946,256.26731980292544,3.5242795041040176,0.6240449901442231,13120.809201792921,True,1.7304000000000004,2,1.2,True,0.006965231597217665,0.2997557418907805
197,-266.519736461723,9.462078681887933e-06,262.29159930702946,257.6786331526608,3.362966154368667,0.5936099576392102,12480.899802884462,True,1.6746,2,1.2,True,0.00698297743896528,0.29915499852141403
198,-268.2145104925302,8.988974747793536e-06,263.54159930702946,259.0823696705251,3.2092296365043205,0.5646592591447177,11872.199152784204,True,1.6176,2,1.2,True,0.00700067829737354,0.29460125826269085
199,-269.8066127362008,8.539526010403858e-06,264.79159930702946,260.4789063251523,3.0626929818771504,0.5371205028388241,11293.185182894353,True,1.5594000000000001,2,1.2,True,0.007018334512798294,0.28627606436856756
200,-270.9514843480148,8.112549709883664e-06,266.04159930702946,261.868599203411,2.923000103618435,0.5109248274903241,10742.41005677648,True,1.15,3,1.2,True,0.007035946421324883,0.2745113160479349
201,-271.7284892910981,7.706922224389481e-06,267.29159930702946,263.2517848693916,2.7898144376378866,0.48600673026979163,10218.496549806481,True,0.7999200000000001,3,1.2,True,0.007053514354842783,0.2597760366905255
202,-272.4868645608626,7.321576113170006e-06,268.54159930702946,264.6287816169301,2.662817690099341,0.46230390295839985,9720.134605395831,True,0.7996800000000001,3,1.2,True,0.007071038641118572,0.24265767538445668
203,-273.22737183341144,6.955497307511505e-06,269.79159930702946,265.9998906255206,2.5417086815088483,0.43975707614492493,9246.078059167996,True,0.79928,3,1.2,True,0.00708851960386728,0.22383868717488922
204,-273.95073792734047,6.60772244213593e-06,271.04159930702946,267.3653970284263,2.426202278603183,0.4183098710213575,8795.141522898499,True,0.79872,3,1.2,True,0.007105957562822165,0.2040693257349858
205,-274.65765604851947,6.277336320029134e-06,272.29159930702946,268.72557090088577,2.3160284061437078,0.3979086584065226,8366.19742042715,True,0.798,3,1.2,True,0.007123352833802934,0.1841377331195291
206,-275.34878700365454,5.963469504027676e-06,273.54159930702946,270.0806681754981,2.2109311315313738,0.37850242464520084,7958.173168130452,True,0.79712,3,1.2,True,0.00714070572878249,0.16483851902831836
207,-276.0247603823636,5.665296028826292e-06,274.79159930702946,271.4309314911522,2.1106678158772394,0.36004264404742686,7570.048492904017,True,0.79608,3,1.2,True,0.007158016555952203,0.14694108222497904
208,-276.6861757076157,5.382031227384977e-06,276.04159930702946,272.77659098122905,2.015008325800417,0.34248315754899433,7200.852880948537,True,0.79488,3,1.2,True,0.00717528561978578,0.13115893703623296
209,-277.33360355448986,5.112929666015727e-06,277.29159930702946,274.11786500623754,1.9237343007919414,0.3257800572897603,6849.663150979886,True,0.79352,3,1.2,True,0.007192513221101744,0.11812126778731524
210,-277.9675866373083,4.857283182714941e-06,278.54159930702946,275.4549608355421,1.8366384714873527,0.30989157682112917,6515.601145795205,True,0.792,3,1.2,True,0.007209699657124571,0.10834784520843663
211,-278.5886408652811,4.614419023579194e-06,279.79159930702946,276.7880752823893,1.7535240246401635,0.29477798666818317,6197.831536422583,True,0.79032,3,1.2,True,0.007226845221544524,0.10222830481599793
212,-279.1972563668779,4.383698072400234e-06,281.04159930702946,278.11739529603994,1.6742040109895076,0.2804014949853067,5895.559733363663,True,0.7884800000000001,3,1.2,True,0.007243950204576208,0.10000661337411963
213,-279.7938984832082,4.164513168780222e-06,282.29159930702946,279.44309851445576,1.5985007925736952,0.2667261530568921,5608.029899706134,True,0.7864800000000001,3,1.2,True,0.007261014893015884,0.10177134270963656
214,-280.3790087307515,3.9562875103412115e-06,283.54159930702946,280.7653537806673,1.526245526362176,0.25371776540683205,5334.523061137842,True,0.7843200000000001,3,1.2,True,0.0072780395702975705,0.1074521386328672
215,-280.95300573383264,3.7584731348241506e-06,284.79159930702946,282.0843216256636,1.4572776813658472,0.24134380429202137,5074.355308136641,True,0.782,3,1.2,True,0.007295024516547974,0.11682252573714018
216,-281.5162861272812,3.5705494780829432e-06,286.04159930702946,283.400154720386,1.3914445866434535,0.2295733283660621,4826.876085840428,True,0.7795200000000001,3,1.2,True,0.007311970008640269,0.12950893625857518
217,-282.0692254297538,3.392022004178796e-06,287.29159930702946,284.712998299176,1.3286010078534964,0.21837690530978496,4591.466567321241,True,0.77688,3,1.2,True,0.007328876320246751,0.14500560304396584
218,-282.6121788882354,3.2224209039698557e-06,288.54159930702946,286.0229905568201,1.2686087502093386,0.2077265382351247,4367.538106195699,True,0.7740800000000001,3,1.2,True,0.007345743721890407,0.1626947228911378
219,-283.1454822942602,3.0612998587713628e-06,289.79159930702946,287.3302630211467,1.2113362858827648,0.1975955956783218,4154.530764702494,True,0.77112,3,1.2,True,0.0073625724809954236,0.18187108641303124
220,-283.66945277242166,2.9082348658327944e-06,291.04159930702946,288.6349409029591,1.1566584040703516,0.18795874500739446,3951.911913566436,True,0.768,3,1.2,True,0.00737936286193665,0.20177019251054137
221,-284.1843895417589,2.7628231225411544e-06,292.29159930702946,289.9371434249399,1.1044558820895638,0.17879188907736746,3759.174900147889,True,0.7647200000000001,3,1.2,True,0.007396115126088063,0.2215987266188224
222,-284.6905746506249,2.6246819664140967e-06,293.54159930702946,291.23698413102005,1.0546151760093938,0.17007210597486158,3575.837781547349,True,0.7612800000000001,3,1.2,True,0.00741282953187023,0.24056618765553425
223,-285.18827368565434,2.493447868093392e-06,294.79159930702946,292.53457117758444,1.0070281294450416,0.1617775917013737,3401.4421194972315,True,0.7576800000000001,3,1.2,True,0.007429506334796827,0.2579164028044271
224,-285.67773645545975,2.3687754746887223e-06,296.04159930702946,293.8300076077704,0.9615916992590595,0.15388760565192688,3235.551834027474,True,0.75392,3,1.2,True,0.00744614578752021,0.27295767373928587
225,-286.15919764969203,2.250336700954286e-06,297.29159930702946,295.1233916100157,0.9182076970137489,0.14638241875275698,3077.7521130385376,True,0.75,3,1.2,True,0.007462748139876069,0.28509035245341185
226,-286.63287747410425,2.1378198659065714e-06,298.54159930702946,296.414816761917,0.8767825451124566,0.13924326412835525,2927.6483750551397,True,0.74592,3,1.2,True,0.007479313638927205,0.29383074733335546
227,-287.09898226226403,2.0309288726112427e-06,299.79159930702946,297.7043722603776,0.8372270466518232,0.13245229017450658,2784.8652825671047,True,0.7416800000000001,3,1.2,True,0.007495842529006414,0.29883040641716385
228,-287.55770506455633,1.9293824289806807e-06,301.04159930702946,298.9921431389457,0.7994561680837227,0.12599251591998323,2649.045803490131,True,0.73728,3,1.2,True,0.007512335051758545,0.29989000907450214
229,-288.0092262151185,1.8329133075316465e-06,302.29159930702946,300.27821047317394,0.7633888338554962,0.11984778856527419,2519.8503183996645,True,0.73272,3,1.2,True,0.007528791446181706,0.2969673122911919
230,-288.45371387734724,1.741267642155064e-06,303.54159930702946,301.5626515747688,0.7289477322607049,0.11400274309217495,2396.9557713054837,True,0.7280000000000001,3,1.2,True,0.007545211948667685,0.29017883476488093
231,-288.8913245686116,1.6542042600473108e-06,304.79159930702946,302.8455401752388,0.6960591317906686,0.10844276384324099,2280.054861843499,True,0.7231200000000001,3,1.2,True,0.007561596793041558,0.2797952116722631
232,-289.32220366479976,1.571494047044945e-06,306.04159930702946,304.1269465996994,0.6646527073300568,0.10315394797503305,2168.8552768648196,True,0.71808,3,1.2,True,0.007577946210600543,0.2662304052986238
233,-289.7464858853214,1.492919344692698e-06,307.29159930702946,305.40693793144123,0.6346613755882242,0.09812307069376949,2063.078959500661,True,0.7128800000000001,3,1.2,True,0.0075942604301520965,0.2500252016678587
234,-290.1642957591788,1.418273377458063e-06,308.54159930702946,306.68557816782715,0.6060211392022962,0.0933375521864543,1962.4614138753898,True,0.70752,3,1.2,True,0.007610539678051267,0.23182565111024817
235,-290.57574807271055,1.3473597085851598e-06,309.79159930702946,307.9629283680409,0.5786709389885702,0.08878542616479453,1866.751043729086,True,0.7020000000000001,3,1.2,True,0.007626784178237343,0.21235731227452243
236,-290.98094829960337,1.2799917231559017e-06,311.04159930702946,309.23904679317343,0.5525525138560142,0.08445530994324796,1775.7085232958905,True,0.69632,3,1.2,True,0.007642994152269792,0.19239632639416465
237,-291.3799930137536,1.2159921369981065e-06,312.29159930702946,310.5139890390997,0.5276102679297365,0.08033637597638196,1689.106198864959,True,0.69048,3,1.2,True,0.007659169819363519,0.17273847498569195
238,-291.7729702855551,1.155192530148201e-06,313.54159930702946,311.7878081625658,0.5037911444636632,0.07641832478437176,1606.7275195276393,True,0.6844800000000001,3,1.2,True,0.0076753113964234555,0.15416745455082342
239,-292.1599600621711,1.097432903640791e-06,314.79159930702946,313.060554800879,0.4810445061504557,0.07269135919893735,1528.3664956874352,True,0.67832,3,1.2,True,0.007691419098078491,0.1374236330700521
240,-292.5410345323421,1.0425612584587514e-06,316.04159930702946,314.33227728556625,0.459322021463213,0.06914615986532105,1453.827183978747,True,0.672,3,1.2,True,0.007707493136714772,0.12317453386763333
241,-292.9162584762665,9.904331955358139e-07,317.29159930702946,315.60302175034155,0.4385775566879162,0.06577386193904786,1382.923197306421,True,0.6655200000000001,3,1.2,True,0.0077235337225083755,0.11198822356313382
242,-293.28568960107793,9.409115357590231e-07,318.54159930702946,316.8728322337014,0.41876707332809,0.0625660329191978,1315.4772387809571,True,0.65888,3,1.2,True,0.007739541063457371,0.10431066504795103
243,-293.64937886243337,8.938659589710718e-07,319.79159930702946,318.1417507764455,0.3998485305839107,0.05951465156276279,1251.3206583839558,True,0.6520800000000001,3,1.2,True,0.00775551536541329,0.10044793835214846
244,-294.00737077270816,8.491726610225183e-07,321.04159930702946,319.4098175144023,0.381781792627191,0.05661208782736182,1190.2930312552558,True,0.64512,3,1.2,True,0.007771456832112007,0.10055403819954854
245,-294.35970369628774,8.067140279713924e-07,322.29159930702946,320.67707076661804,0.3645285404113926,0.053851083792162004,1132.2417565472365,True,0.638,3,1.2,True,0.007787365665204067,0.10462473472405281
246,-294.7064101324266,7.663783265728227e-07,323.54159930702946,321.94354711925723,0.34805218777224334,0.05122473550929685,1077.02167584324,True,0.6307200000000001,3,1.2,True,0.007803242064284431,0.11249774210105534
247,-295.04751698613643,7.280594102441815e-07,324.79159930702946,323.2092815054397,0.3323178015897229,0.048726475740401676,1024.4947101859368,True,0.6232800000000001,3,1.2,True,0.007819086226921707,0.12385918837114639
248,-295.38304582754984,6.916564397319723e-07,326.04159930702946,324.47430728123317,0.3172920257962839,0.046350057535097654,974.5295148080335,True,0.6156800000000001,3,1.2,True,0.007834898348686822,0.13825612852465383
249,-295.71301314019456,6.570736177453737e-07,327.29159930702946,325.7386562980002,0.30294300902923943,0.04408953861036291,927.0011507019531,True,0.60792,3,1.2,True,0.0078506786231812,0.15511460198983018
250,-296.03743055859957,6.242199368581049e-07,328.54159930702946,327.00235897129204,0.28924033573740243,0.04193926649173067,881.7907722072582,True,0.6000000000000001,3,1.2,True,0.007866427242064407,0.17376251462960712
251,-296.3563050956418,5.930089400151997e-07,329.79159930702946,328.2654443464661,0.2761549605633421,0.03989386437915948,838.7853298346134,True,0.59192,3,1.2,True,0.007882144395081316,0.1934564330139293
252,-296.6696393600304,5.633584930144397e-07,331.04159930702946,329.52794016119634,0.26365914583312433,0.03794821770223348,797.8772875831896,True,0.5836800000000001,3,1.2,True,0.00789783027008878,0.21341122276456642
253,-296.9774317643113,5.351905683637176e-07,332.29159930702946,330.78987290503426,0.25172640199518964,0.03609746133107262,758.9643540446696,True,0.57528,3,1.2,True,0.00791348505308182,0.23283134938514036
254,-297.279676723765,5.084310399455317e-07,333.54159930702946,332.05126787617036,0.24033143085911934,0.03433696741097477,721.9492266214523,True,0.56672,3,1.2,True,0.00792910892821937,0.25094259371104355
255,-297.576364846557,4.83009487948255e-07,334.79159930702946,333.3121492355359,0.22945007149356356,0.032662333790369015,686.7393482194954,True,0.558,3,1.2,True,0.007944702077849546,0.2670229175843375
256,-297.86748311548774,4.588590135508423e-07,336.04159930702946,334.57254005837893,0.21905924865051798,0.031069373013144237,653.2466758073803,True,0.5491199999999999,3,1.2,True,0.007960264682534473,0.2804312492365914
257,-298.1530150616794,4.3591606287330014e-07,337.29159930702946,335.8324623834389,0.20913692359056585,0.029554101847828456,621.3874602628847,True,0.54008,3,1.2,True,0.007975796921074686,0.2906330407972667
258,-298.4329409305248,4.1412025972963507e-07,338.54159930702946,337.0919372598388,0.1996620471906288,0.028112731327435737,591.0820369565691,True,0.53088,3,1.2,True,0.007991298970533089,0.29722157903045393
259,-298.7072378402105,3.934142467431533e-07,339.79159930702946,338.3509847918072,0.19061451522225611,0.02674165727507576,562.2546265487147,True,0.5215200000000001,3,1.2,True,0.008006771006258514,0.29993419970813107
260,-298.9758799331187,3.7374353440599567e-07,341.04159930702946,339.6096241813349,0.1819751256945647,0.025437451291634727,534.8331455015151,True,0.512,3,1.2,True,0.008022213201908856,0.29866275920404856
261,-299.2388385203998,3.5505635768569585e-07,342.29159930702946,340.8678737688678,0.17372553816163036,0.024196852182992248,508.7490258326945,True,0.50232,3,1.2,True,0.008037625729473818,0.2934579458388415
262,-299.4960822199968,3.37303539801411e-07,343.54159930702946,342.12575107212996,0.16584823489947773,0.023016757805337906,483.9370436598449,True,0.49248,3,1.2,True,0.008053008759297254,0.28452725909664234
263,-299.7475770883947,3.204383628113405e-07,344.79159930702946,343.38327282316664,0.15832648386282883,0.021894217308196167,460.3351561067581,True,0.48248,3,1.2,True,0.008068362460099142,0.2722267372754513
264,-299.99328674635524,3.044164446707734e-07,346.04159930702946,344.640455003693,0.1511443033364793,0.020826423755763674,437.88434616392334,True,0.4723200000000001,3,1.2,True,0.00808368699899717,0.2570467633637372
265,-300.2331724988914,2.891956224372347e-07,347.29159930702946,345.89731287882887,0.14428642820060306,0.019810707108108006,416.52847511527347,True,0.46199999999999997,3,1.2,True,0.008098982541527956,0.23959251501818343
266,-300.46719344972314,2.7473584131537296e-07,348.54159930702946,347.153861029296,0.1377382777334469,0.01884452754467745,396.2141421621601,True,0.45152000000000003,3,1.2,True,0.00811424925166792,0.22055983804026014
267,-300.6953066104483,2.609990492496043e-07,349.79159930702946,348.41011338215066,0.13148592487880073,0.01792546911342708,376.89055089354895,True,0.44087999999999994,3,1.2,True,0.008129487291853782,0.2007075051999924
268,-300.91746700465615,2.479490967871241e-07,351.04159930702946,349.66608324012014,0.12551606690931946,0.01705123368968048,358.5093822685416,True,0.4300799999999999,3,1.2,True,0.00814469682300274,0.18082696636006343
269,-301.13362776719674,2.355516419477679e-07,352.29159930702946,350.9217833096092,0.11981599742025546,0.016219635229621367,341.02467379360957,True,0.41912000000000005,3,1.2,True,0.008159878004532281,0.16171079586735163
270,-301.343740238818,2.2377405985037947e-07,353.54159930702946,352.17722572743804,0.11437357959144295,0.015428594304045687,324.3927045924273,True,0.40800000000000003,3,1.2,True,0.008175030994379684,0.1441210951148384
271,-301.5477540563684,2.1258535685786048e-07,354.79159930702946,353.432422086371,0.10917722065847187,0.014676132898705735,308.5718860809137,True,0.39672,3,1.2,True,0.008190155949021194,0.1287591099640146
272,-301.74561723875905,2.0195608901496743e-07,356.04159930702946,354.68738345949254,0.10421584753691654,0.013960369468244554,293.5226579741147,True,0.38528000000000007,3,1.2,True,0.008205253023490868,0.11623727428529686
273,-301.93727626887005,1.9185828456421904e-07,357.29159930702946,355.94212042348323,0.09947888354624601,0.013279514231352676,279.20738936489107,True,0.37368000000000007,3,1.2,True,0.008220322371399117,0.10705479415225841
274,-302.12267617157863,1.822653703360081e-07,358.54159930702946,357.1966430808468,0.09495622618265653,0.012631864695382864,265.5902846270535,True,0.36192,3,1.2,True,0.008235364144950942,0.10157774607081113
275,-302.3017605880801,1.7315210181920769e-07,359.79159930702946,358.45096108113694,0.09063822589253669,0.012015801399231935,252.63729390765727,True,0.35000000000000003,3,1.2,True,0.008250378494963873,0.10002448266413802
276,-302.47447184666527,1.6449449672824729e-07,361.04159930702946,359.70508364122884,0.08651566580061515,0.011429783863844665,240.31602798463868,True,0.33792,3,1.2,True,0.008265365570885605,0.1024569276426569
277,-302.6407510301121,1.5626977189183493e-07,362.29159930702946,360.95901956468043,0.08257974234905223,0.010872346740213994,228.5956772768933,True,0.32568,3,1.2,True,0.008280325520811357,0.10877810710109836
278,-302.80053803984185,1.4845628329724317e-07,363.54159930702946,362.2127772602236,0.07882204680583625,0.01034209614524538,217.44693480427986,True,0.31328,3,1.2,True,0.00829525849150095,0.11873601556208922
279,-302.9537716569854,1.41033469132381e-07,364.79159930702946,363.46636475942665,0.07523454760282904,0.009837706176323258,206.8419229049076,True,0.30071999999999993,3,1.2,True,0.008310164628395603,0.13193366263928774
280,-303.1003896004976,1.3398179567576194e-07,366.04159930702946,364.71978973356374,0.0718095734656922,0.009357915595864009,196.75412352646515,True,0.2879999999999999,3,1.2,True,0.008325044075634447,0.14784489979130883
281,-303.240328582454,1.2728270589197385e-07,367.29159930702946,365.97305950972975,0.06853979729970953,0.008901524677565243,187.15831191728017,True,0.2751199999999999,3,1.2,True,0.008339896976070807,0.16583539620371485
282,-303.3735243606567,1.2091857059737515e-07,368.54159930702946,367.22618108623226,0.065418220797218,0.008467392206465299,178.03049355130486,True,0.2620800000000001,3,1.2,True,0.008354723471288187,0.18518792755683708
283,-303.499911788672,1.1487264206750639e-07,369.79159930702946,368.4791611472955,0.06243815973396784,0.008054432625311527,169.34784412930597,True,0.24888000000000005,3,1.2,True,0.008369523701616031,0.20513096949606996
284,-303.6194248634175,1.0912900996413107e-07,371.04159930702946,369.7320060771062,0.059593229923260396,0.00766161332010188,161.08865250623052,True,0.2355200000000001,3,1.2,True,0.008384297806145205,0.22486945587320578
285,-303.7319967704092,1.0367255946592452e-07,372.29159930702946,370.9847219732313,0.056877333798164835,0.007287952038012188,153.2322664020376,True,0.2220000000000001,3,1.2,True,0.008399045922743254,0.2436164755247825
286,-303.83755992677965,9.848893149262826e-08,373.54159930702946,372.237314659436,0.054284647593492746,0.0069325144312525734,145.75904076024375,True,0.20832000000000006,3,1.2,True,0.008413768188069411,0.2606246439369346
287,-303.9360460221659,9.356448491799686e-08,374.79159930702946,373.4897896979289,0.051809609100521306,0.006594411720711445,138.65028862505147,True,0.19448,3,1.2,True,0.00842846473758938,0.2752158991074479
288,-304.02738605756883,8.888626067209702e-08,376.04159930702946,374.74215240106076,0.04944690596870291,0.00627279847354487,131.8882344142289,True,0.18048000000000003,3,1.2,True,0.00844313570558986,0.28680853373804216
289,-304.1115103822775,8.444194763849217e-08,377.29159930702946,375.9944078424997,0.04719146452978347,0.005966870489154214,125.4559694708974,True,0.16632,3,1.2,True,0.00845778122519288,0.29494038606867035
290,-304.18834872894774,8.021985025656756e-08,378.54159930702946,377.24656086790856,0.04503843912088161,0.005675862788265868,119.33740978308427,True,0.15199999999999997,3,1.2,True,0.008472401428369877,0.29928726480845375
291,-304.2578302469225,7.620885774373917e-08,379.79159930702946,378.4986161051453,0.04298320188415308,0.0053990477000846965,113.51725576531734,True,0.13751999999999995,3,1.2,True,0.008486996445955582,0.2996758736194065
292,-304.31988353387646,7.239841485655221e-08,381.04159930702946,379.7505779740078,0.04102133302168738,0.005135733042738133,107.98095400169393,True,0.12287999999999998,3,1.2,True,0.008501566407661676,0.29609071989456187
293,-304.3744366658641,6.87784941137246e-08,382.29159930702946,381.0024506955442,0.03914861148525701,0.004885260392461026,102.71466085476266,True,0.10807999999999991,3,1.2,True,0.008516111442090236,0.28867473239932284
294,-304.4214172258446,6.533956940803838e-08,383.54159930702946,382.254238300948,0.03736100608146586,0.004647003437193368,97.70520784922051,True,0.09312000000000005,3,1.2,True,0.008530631676746982,0.2777235631526222
295,-304.4607523307599,6.207259093763646e-08,384.79159930702946,383.5059446400557,0.035654666973727094,0.004420366410473995,92.94006874386734,True,0.07800000000000003,3,1.2,True,0.008545127238054315,0.2636738007139138
296,-304.4923686572303,5.896896139075464e-08,386.04159930702946,384.75757338946613,0.03402591756334136,0.0042047826017141835,88.4073282094799,True,0.06272000000000003,3,1.2,True,0.00855959825136417,0.24708556477503868
297,-304.51619246593765,5.60205133212169e-08,387.29159930702946,386.0091280602967,0.032471246732748205,0.003999712939126085,84.09565203428366,True,0.04728000000000004,3,1.2,True,0.008574044840970645,0.2286201759556747
298,-304.5321496247563,5.321948765515606e-08,388.54159930702946,387.2606120055947,0.030987301434788086,0.003804644641762506,79.9942587825217,True,0.03168000000000006,3,1.2,True,0.008588467130122469,0.20901379103714657
299,-304.5401656306928,5.055851327239825e-08,389.79159930702946,388.5120284274169,0.029570879612539985,0.0036190899372975384,76.09289283525011,True,0.015920000000000024,3,1.2,True,0.008602865241035271,0.18904805471462918
300,-304.8425866471217,4.8030587608778334e-08,391.04159930702946,389.76338038359444,0.028218923434995942,0.004131101810810069,72.38179874595076,True,0.6,4,1.2,True,0.008617239294903656,0.16951893788977834
301,-305.50777324894796,4.562905822833941e-08,392.29159930702946,391.00928397895393,0.032315328075503184,0.004020509842528179,82.62203621620138,True,1.32,4,1.2,True,0.008631589411913105,0.1512050048227076
302,-306.2331728461741,4.334760531692244e-08,393.54159930702946,392.26004871983406,0.03155058719541849,0.003836423987875861,80.41019685056358,True,1.44,4,1.2,True,0.00864591571125171,0.13483637423184397
303,-307.0187397575445,4.1180225051076316e-08,394.79159930702946,393.5113976650781,0.030201641951353136,0.0036509029534205436,76.7284797575172,True,1.56,4,1.2,True,0.008660218311121721,0.1210656117646449
304,-307.8644430255363,3.91212137985225e-08,396.04159930702946,394.7627671275371,0.028832179492376188,0.0034730553502181232,73.01805906841086,True,1.68,4,1.2,True,0.008674497328750915,0.11044171426452269
305,-308.77025587063895,3.7165153108596375e-08,397.29159930702946,396.0140850411934,0.027514265836052876,0.003303700037999046,69.46110700436246,True,1.7999999999999998,4,1.2,True,0.00868875288040381,0.10338822299916071
306,-309.7361540234141,3.5306895453166554e-08,398.54159930702946,397.2653443246656,0.02625498236385836,0.003142580331708847,66.07400075998092,True,1.92,4,1.2,True,0.00870298508139272,0.10018633840672964
307,-310.7621153518272,3.354155068050823e-08,399.79159930702946,398.51654639066237,0.025052916367112543,0.00298931536464521,62.85160663417693,True,2.04,4,1.2,True,0.008717194046088629,0.10096370952179888
308,-311.8481196832093,3.1864473146482816e-08,401.04159930702946,399.76769367054584,0.023905636483613796,0.0028435248007506607,59.7863072929042,True,2.16,4,1.2,True,0.00873137988793191,0.10568934501114681
309,-312.9941486619529,3.027124948915867e-08,402.29159930702946,401.0187886292178,0.022810677811648916,0.002704844471309212,56.87049601501321,True,2.28,4,1.2,True,0.008745542719442894,0.1141748487004186
310,-313.5971671408548,2.875768701470074e-08,403.54159930702946,402.26983363922733,0.021765667802106134,0.002572927653915918,54.096889426184234,True,1.2,4,1.2,True,0.008759682652232292,0.1260819303350777
311,-314.18496670706537,2.73198026639657e-08,404.79159930702946,403.5208309684506,0.020768338578883033,0.0024474444945150036,51.45855307831836,True,1.17,4,1.2,True,0.008773799797011449,0.14093589214532012
312,-314.75756152986526,2.595381253076741e-08,406.04159930702946,404.77178278261425,0.01981652441517727,0.0023280812207442216,48.94888989030007,True,1.1400000000000001,4,1.2,True,0.008787894263602455,0.1581445535481581
313,-315.31496491734663,2.4656121904229037e-08,407.29159930702946,406.0226911495994,0.018908157430064493,0.0022145393623764923,46.56162441488443,True,1.11,4,1.2,True,0.008801966160948114,0.17702185951853122
314,-315.8571893667021,2.3423315809017588e-08,408.54159930702946,407.27355804380244,0.018041263226991976,0.0021065350056536825,44.29078724752984,True,1.08,4,1.2,True,0.008816015597121777,0.19681523143818572
315,-316.3842466116575,2.225215001856671e-08,409.79159930702946,408.5243853503352,0.01721395669423807,0.0020037980834420968,42.13070011307365,True,1.05,4,1.2,True,0.008830042679337017,0.2167355700302807
316,-316.8961476672071,2.1139542517638373e-08,411.04159930702946,409.77517486904054,0.016424437988910138,0.0019060716999355798,40.075961668841934,True,1.02,4,1.2,True,0.00884404751395717,0.2359887142574143
317,-317.39290287180154,2.0082565391756453e-08,412.29159930702946,411.02592831832936,0.015670988700111348,0.001813111488283772,38.121433998711595,True,0.9899999999999999,4,1.2,True,0.008858030206504762,0.2538071020160599
318,-317.8745219271308,1.9078437122168628e-08,413.54159930702946,412.2766473388457,0.014951968183793619,0.0017246849995479073,36.262229765675436,True,0.96,4,1.2,True,0.008871990861670762,0.2694803704154539
319,-318.34101393563617,1.8124515266060195e-08,414.79159930702946,413.52733349696774,0.01426581006170869,0.001640571121457466,34.49369999095814,True,0.9299999999999999,4,1.2,True,0.008885929583323756,0.2823836757043722
320,-318.7923874358783,1.7218289502757185e-08,416.04159930702946,414.7779882881523,0.013611018877150556,0.0015605595255143503,32.81142242914932,True,0.8999999999999999,4,1.2,True,0.008899846474518934,0.2920026038196791
321,-319.2286504358811,1.6357375027619325e-08,417.29159930702946,416.028613140129,0.012986166900499014,0.0014844501410621008,31.211190510287004,True,0.8700000000000001,4,1.2,True,0.008913741637506993,0.29795367845170095
322,-319.6498104445646,1.553950627623836e-08,418.54159930702946,417.2792094159516,0.012389891077884907,0.001412052655005087,29.689002821242013,True,0.84,4,1.2,True,0.008927615173742909,0.29999964903456067
323,-320.05587450137426,1.476253096242644e-08,419.79159930702946,418.52977841691285,0.011820890116595009,0.0013431860359266446,28.24105310010174,True,0.81,4,1.2,True,0.008941467183894564,0.29805894917755316
324,-320.44684920420775,1.4024404414305118e-08,421.04159930702946,419.78032138532836,0.011277921701117468,0.0012776780814162752,26.86372071853289,True,0.7800000000000001,4,1.2,True,0.008955297767851284,0.2922089484597452
325,-320.8227407357342,1.332318419358986e-08,422.29159930702946,421.0308395071955,0.010759799834001325,0.00121536498747394,25.553561628325504,True,0.75,4,1.2,True,0.008969107024732225,0.2826828679490104
326,-321.1835548881973,1.2657024983910366e-08,423.54159930702946,422.2813339147335,0.010265392295961719,0.0011560909389147548,24.3072997494788,True,0.7200000000000001,4,1.2,True,0.008982895052894681,0.2698604824140264
327,-321.52929708678664,1.2024173734714848e-08,424.79159930702946,423.5318056888095,0.009793618219910573,0.0010997077197498943,23.121818778295093,True,0.69,4,1.2,True,0.008996661949942239,0.2542529799026958
328,-321.8599724116587,1.1422965047979107e-08,426.04159930702946,424.78225586125563,0.00934344577382921,0.0010460743425694293,21.994154394997885,True,0.66,4,1.2,True,0.009010407812732855,0.23648258228782293
329,-322.17558561868236,1.0851816795580152e-08,427.29159930702946,426.03268541708184,0.008913889947624916,0.0009950566960003886,20.921486851388586,True,0.6300000000000001,4,1.2,True,0.009024132737386791,0.21725773924458183
330,-322.47614115898284,1.0309225955801143e-08,428.54159930702946,427.28309529659015,0.00850401043933002,0.000946527209358485,19.901133920007773,True,0.6,4,1.2,True,0.009037836819294471,0.19734488459760333
331,-322.76164319735005,9.793764658011086e-09,429.79159930702946,428.53348639739323,0.008112909636207982,0.0009003645336549682,18.9305441871697,True,0.5700000000000001,4,1.2,True,0.009051520153124203,0.17753788102301724
332,-323.0320956295771,9.304076425110531e-09,431.04159930702946,429.78385957634293,0.007739730686528442,0.0008564532381609685,18.007290673099362,True,0.54,4,1.2,True,0.009065182832829814,0.15862637124872805
333,-323.2875020987878,8.838872603855004e-09,432.29159930702946,431.0342156513715,0.007383655657961646,0.0008146835217705542,17.129064763219368,True,0.51,4,1.2,True,0.009078824951658179,0.14136429749071663
334,-323.527866010813,8.396928973662253e-09,433.54159930702946,432.28455540325075,0.007043903778722394,0.000774950938440796,16.293670435411084,True,0.48,4,1.2,True,0.009092446602156645,0.12643984415609205
335,-323.7531905486668,7.97708252497914e-09,434.79159930702946,433.5348795772717,0.006719729757766215,0.0007371561360222658,15.49901876881592,True,0.4500000000000001,4,1.2,True,0.00910604787618035,0.11444800210246778
336,-323.9634786861769,7.578228398730182e-09,436.04159930702946,434.78518888484894,0.0064104221805044645,0.0007012046078269214,14.743122720445315,True,0.42,4,1.2,True,0.00911962886489946,0.10586684823007703
337,-324.1587332008138,7.199316978793672e-09,437.29159930702946,436.0354840050528,0.006115301976662397,0.0006670064563121787,14.024092156538426,True,0.38999999999999996,4,1.2,True,0.009133189658806294,0.10103848606441507
338,-324.33895668576804,6.839351129853988e-09,438.54159930702946,437.2857655860724,0.005833720957054472,0.0006344761682902349,13.340129126243575,True,0.35999999999999993,4,1.2,True,0.009146730347722348,0.10015540716824894
339,-324.5041515613153,6.497383573361289e-09,439.79159930702946,438.53603424661327,0.00556506041619437,0.0006035324011005716,12.689523365804696,True,0.3299999999999999,4,1.2,True,0.009160251020805256,0.10325281711045185
340,-324.65432008551227,6.1725143946932236e-09,441.04159930702946,439.7862905772317,0.005308729797794723,0.0005740977792109434,12.070648022011433,True,0.2999999999999999,4,1.2,True,0.009173751766555629,0.11020723193107088
341,-324.7894643642602,5.8638886749585625e-09,442.29159930702946,441.03653514160914,0.005064165420342236,0.0005460987007382498,11.481955584218866,True,0.27000000000000024,4,1.2,True,0.009187232672823809,0.1207414010571329
342,-324.90958636077295,5.5706942412106344e-09,443.54159930702946,442.2867684777694,0.004830829260059348,0.0005194651534055045,10.921974014764997,True,0.2400000000000002,4,1.2,True,0.009200693826816545,0.1344353604080748
343,-325.01468790448337,5.292159529150103e-09,444.79159930702946,443.53699109924077,0.004608207788683272,0.000494130539474682,10.38930306811009,True,0.2100000000000002,4,1.2,True,0.009214135315103575,0.15074317503836213
344,-325.104770699421,5.0275515526925975e-09,446.04159930702946,444.78720349616583,0.004395810863607455,0.0004700315092176879,9.88261078949364,True,0.18000000000000016,4,1.2,True,0.009227557223624117,0.16901470384096895
345,-325.17983633209013,4.776173975057968e-09,447.29159930702946,446.0374061363614,0.0041931706680399606,0.00044710780250905495,9.400630184353759,True,0.15000000000000013,4,1.2,True,0.009240959637693284,0.1885215186216813
346,-325.23988627887843,4.537365276305069e-09,448.54159930702946,447.2875994663305,0.0039998406989377976,0.00042530209814424253,8.942156050181099,True,0.1200000000000001,4,1.2,True,0.009254342642008409,0.2084859442325046
347,-325.2849219130224,4.310497012489816e-09,449.79159930702946,448.53778391222886,0.0038153948005757716,0.00040455987050678056,8.50604196288485,True,0.09000000000000008,4,1.2,True,0.009267706320655286,0.22811206202572348
348,-325.31494451115515,4.094972161865325e-09,451.04159930702946,449.78795988078775,0.0036394262417042446,0.000384829253225831,8.09119741013561,True,0.06000000000000005,4,1.2,True,0.009281050757114342,0.2466174406187185
349,-325.3299552594613,3.890223553772058e-09,452.29159930702946,451.0381277601951,0.003471546834340962,0.0003660609094832498,7.696585064516619,True,0.030000000000000027,4,1.2,True,0.009294376034266716,0.2632643289640848
350,-325.344962001774,3.6957123760834546e-09,453.54159930702946,452.28828792093714,0.0033113860923295263,0.0002321386057639021,7.321218189664996,True,0.03,5,1.2,True,0.009307682234400263,0.2773890681557889
351,-325.3881476332719,3.5109267572792826e-09,454.79159930702946,453.5394935922982,0.002105714731265376,0.0002106029739559819,4.642772115278042,True,0.08633611076961444,5,1.2,True,0.009320969439215484,0.2884285494154485
352,-325.4438630013964,3.335380419415318e-09,456.04159930702946,454.7896836775907,0.0019156294387479935,0.00019943290525419505,4.212059479119637,True,0.11138779426058187,5,1.2,True,0.009334237729831387,0.2959426634623384
353,-325.5114966314185,3.1686113984445525e-09,457.29159930702946,456.03978029486956,0.0018190121598753947,0.00018962734992088788,3.9886581050839007,True,0.1352176927304688,5,1.2,True,0.009347487186791249,0.29963184628156725
354,-325.5904668552315,3.0101808285223244e-09,458.54159930702946,457.2898649907034,0.0017343163260439725,0.00018037215451145814,3.7925469984177576,True,0.1578853933378898,5,1.2,True,0.009360717890068333,0.29934902179602213
355,-325.6802204056474,2.859671787096208e-09,459.79159930702946,458.5399451293871,0.001654177642382038,0.00017157468838603564,3.6074430902291628,True,0.17944757714144136,5,1.2,True,0.009373929919071516,0.29510546532543747
356,-325.78023103363,2.7166881977413973e-09,461.04159930702946,459.7900215214866,0.001577785542875554,0.00016320683836873763,3.4314937677207125,True,0.19995816083187237,5,1.2,True,0.009387123352650847,0.2870703540749785
357,-325.889998187873,2.5808537878543274e-09,462.29159930702946,461.04009439191327,0.0015049151162092396,0.0001552471423630914,3.2641367673747523,True,0.21946843155189474,5,1.2,True,0.009400298269103043,0.2755640225739412
358,-326.00904575850035,2.4518110984616107e-09,463.54159930702946,462.29016390689276,0.001435400136706061,0.0001476756496299598,3.104942847261828,True,0.23802717514075478,5,1.2,True,0.009413454746176901,0.26104519194894316
359,-326.1369208822676,2.32922054353853e-09,464.79159930702946,463.5402302207843,0.0013690862451985549,0.00014047342332740528,2.9535129925991956,True,0.2556807981242424,5,1.2,True,0.00942659286107866,0.24409268216018493
360,-326.2731928062929,2.2127595163616035e-09,466.04159930702946,464.79029348051597,0.0013058265134655927,0.00013362245377231035,2.8094684665481053,True,0.27247344375517796,5,1.2,True,0.00943971269047729,0.22538233627620363
361,-326.4174518074432,2.1021215405435234e-09,467.29159930702946,466.04035382626705,0.0012454807623973226,0.00012710560994078491,2.672449075446207,True,0.28844710239453725,5,1.2,True,0.009452814310509688,0.20566007674348408
362,-326.5693081646389,1.997015463516347e-09,468.54159930702946,467.2904113918049,0.0011879152245369555,0.00012090659632667823,2.542112198815698,True,0.3036417165092257,5,1.2,True,0.009465897796785866,0.18571216781240682
363,-326.7283911814765,1.8971646903405297e-09,469.79159930702946,468.5404663047799,0.001133002249565706,0.0001150099121674866,2.4181319265335643,True,0.31809528054905134,5,1.2,True,0.00947896322439402,0.16633386966278715
364,-326.89434825669593,1.8023064558235032e-09,471.04159930702946,469.7905186870039,0.0010806200255672018,0.00010940081268201195,2.300198243349732,True,0.3318439359526389,5,1.2,True,0.009492010667905565,0.14829773389009565
365,-327.06684400014143,1.7121911330323278e-09,472.29159930702946,471.0405686547163,0.001030652313134506,0.0001040652722005242,2.1880162536402388,True,0.34492206151985205,5,1.2,True,0.0095050402013801,0.13232280431126925
366,-327.2455593919843,1.6265815763807115e-09,473.54159930702946,472.2906163188379,0.0009829881915448247,9.898994909326303e-05,2.081305444010484,True,0.35736235937670036,5,1.2,True,0.009518051898370307,0.11904595095681166
367,-327.4301909830811,1.5452524975616756e-09,474.79159930702946,473.540661785213,0.0009375218164407484,9.416215240941538e-05,1.9797989818652606,True,0.36919593674768764,5,1.2,True,0.009531045831926807,0.10899648007243157
368,-327.62045013445044,1.4679898726835917e-09,476.04159930702946,474.79070515484096,0.0008941521884979043,8.956981014312889e-05,1.8832430481883076,True,0.38045238374007645,5,1.2,True,0.009544022074602936,0.10257503234934998
369,-327.81606229394833,1.394590379049412e-09,477.29159930702946,476.04074652409685,0.0008527829325835094,8.520143904721013e-05,1.7913962028625776,True,0.3911598473345693,5,1.2,True,0.009556980698459474,0.10003761064423611
370,-328.0167663083182,1.3248608600969412e-09,478.54159930702946,477.29078598494254,0.0008133220869326772,8.104611591902774e-05,1.7040287809442025,True,0.40134510176742116,5,1.2,True,0.009569921775069308,0.10148537395317526
371,-328.2223137688804,1.258617817092094e-09,479.79159930702946,478.5408236251276,0.0007756819018905556,7.709345028681631e-05,1.6209223183805546,True,0.41103361547997613,5,1.2,True,0.009582845375522057,0.10686060452172168
372,-328.43246838921294,1.1956869262374894e-09,481.04159930702946,479.79085952838165,0.0007397786477885918,7.333355842808701e-05,1.5418690057363262,True,0.4202496148030371,5,1.2,True,0.009595751570428615,0.11594900886962833
373,-328.64700541325504,1.1359025799256148e-09,482.29159930702946,481.0408937745979,0.000705532431542639,6.97570386551739e-05,1.4666711685617402,True,0.4290161445353113,5,1.2,True,0.009608640429925663,0.12838826099566258
374,-328.8657110523436,1.0791074509293341e-09,483.54159930702946,482.29092644000787,0.0006728670215790637,6.635494780611847e-05,1.395140773103478,True,0.43735512556741096,5,1.2,True,0.009621512023680102,0.14368244717188833
375,-329.08838194976386,1.0251520783828674e-09,484.79159930702946,483.5409575973487,0.0006417096807127184,6.311877888210828e-05,1.3270989561223694,True,0.4452874096954973,5,1.2,True,0.009634366420893464,0.16122183645905697
376,-329.3148246714688,9.73894474463724e-10,486.04159930702946,484.79098731602284,0.0006119910066175318,6.0040439775548905e-05,1.2623755776421655,True,0.4528328317616332,5,1.2,True,0.00964720369030624,0.18030718875503163
377,-329.54485522168426,9.251997507405378e-10,487.29159930702946,486.0410156622499,0.0005836447795465653,5.71122330355817e-05,1.200808795510978,True,0.4600102592512186,5,1.2,True,0.009660023900202168,0.2001776312910837
378,-329.7782985821823,8.789397632035108e-10,488.54159930702946,487.2910426992125,0.0005566078169738551,5.432683662044788e-05,1.1422446607116339,True,0.4668376394715325,5,1.2,True,0.00967282711841248,0.22004099222810825
379,-330.0149882740635,8.349927750433353e-10,489.79159930702946,488.5410684871946,0.0005308198348450283,5.167728558857065e-05,1.0865367324089577,True,0.47333204442934923,5,1.2,True,0.009685613412320082,0.23910538204800488
380,-330.2547659409487,7.932431362911684e-10,491.04159930702946,489.7910930837143,0.0005062233151377839,4.915695468257499e-05,1.0335457117714129,True,0.47950971351984784,5,1.2,True,0.009698382848863691,0.25661076368981806
381,1427.1895278944307,1.8097111355314894,492.29159930702946,491.04111654365,0.0004827633794467742,4.25086743297212e-05,0.9831390936514999,False,0.4853860941335587,5,1.2,True,0.009711135494541933,0.27185925282891343
382,1429.5257485345105,2.463481159452963,493.54159930702946,492.2911807728745,0.00041853415497060685,-0.07234834995864904,2.5959064623007795e-05,False,0.4909758802828861,5,1.2,True,0.5796673541950583,0.2842429403227054
383,1431.8615057716602,2.7956560718739865,494.79159930702946,494.25316368850133,-0.7115643814718844,-0.10429220923113185,0.0,False,0.49629304934479274,5,1.2,True,0.8822089737852103,0.2932681276298021
384,1434.221941732028,2.935315223977361,496.04159930702946,495.8183036239721,-1.0267043169426469,-0.12013641681371649,0.0,False,0.5013508970115234,5,1.2,True,1.0072956420116739,0.29857500901289513
385,1436.6085821662057,2.990093238100646,497.29159930702946,497.22633601252204,-1.1847367054925584,-0.12699193882410945,0.0,False,0.5061620705367595,5,1.2,True,1.0564316524253459,0.29995201585807313
386,1439.0190382472535,3.0113622251011707,498.54159930702946,498.5466705973423,-1.2550712903128713,-0.12973304149437218,0.0,False,0.5107386003603432,5,1.2,True,1.0759660208421733,0.29734425124781555
387,1441.451329474856,3.019932470839411,499.79159930702946,499.82680895896567,-1.28520965193621,-0.13080455440902633,0.0,False,0.515091930190641,5,1.2,True,1.0843306994202313,0.29085567852785593
388,1443.904038612868,3.023765280183399,501.04159930702946,501.09060387027057,-1.2990045632411102,-0.13123447903306845,0.0,False,0.5192329456197771,5,1.2,True,1.0885297137475527,0.28074497661666387
389,1446.376053339925,3.0258439783717126,502.29159930702946,502.3481050422329,-1.3065057352034122,-0.13142351116354883,0.0,False,0.5231720013432827,5,1.2,True,1.0911823597790231,0.2674152272932736
390,1448.8664134545597,3.0272780989521415,503.54159930702946,503.60323880579176,-1.3116394987622768,-0.1315230427889322,0.0,False,0.5269189470522291,5,1.2,True,1.0932625803538825,0.25139784559875356
391,1451.374243716215,3.0284791514975966,504.79159930702946,504.85749226099824,-1.3158929539687914,-0.13158956976368272,0.0,False,0.5304831520625857,5,1.2,True,1.095131785571278,0.2333313939954911
392,1453.8987261214904,3.029599586759352,506.04159930702946,506.111421751113,-1.319822444083596,-0.1316440751387526,0.0,False,0.5338735287433898,5,1.2,True,1.0969239935979436,0.2139361248969246
393,1456.4390881071383,3.0306958336072793,507.29159930702946,507.365234437352,-1.3236351303225586,-0.13169433844165157,0.0,False,0.5370985548023116,5,1.2,True,1.0986888871730494,0.1939852664767029
394,1458.994596937334,3.031788743270782,508.54159930702946,508.6190073322979,-1.3274080252684397,-0.13174324190359665,0.0,False,0.5401662944843396,5,1.2,True,1.100444878518709,0.17427419650146583
395,1461.564556486809,3.0328859856955335,509.79159930702946,509.87276905483543,-1.3311697478059605,-0.1317918527341087,0.0,False,0.5430844187365932,5,1.2,True,1.102198785112933,0.15558873312924917
396,1464.1483049785693,3.033990347166263,511.04159930702946,511.1265302435786,-1.334930936549161,-0.13184056556370538,0.0,False,0.545860224389686,5,1.2,True,1.103953124837863,0.1386738068193111
397,1466.7452131310192,3.0351028046913773,512.2915993070294,512.380294857688,-1.3386955506585636,-0.13188952575036944,0.0,False,0.5485006524036032,5,1.2,True,1.1057088210081272,0.12420376230549357
398,1469.3546825074286,3.036223665250228,513.5415993070294,513.6340643745449,-1.3424650675154952,-0.13193878622529226,0.0,False,0.5510123052237172,5,1.2,True,1.1074662055227158,0.11275547459969651
399,1471.9761439877852,3.0373529880153027,514.7915993070294,514.8878393489498,-1.3462400419203542,-0.13198836561598107,0.0,False,0.5534014632903399,5,1.2,True,1.1092253909371477,0.1047853508055891
