Time,Avg_Intelligence,Avg_Knowledge,Truth_Adoption,Apparent_Truth,Truth_Distortion,Avg_Suppression,Event_Horizon,Beyond_Horizon,Lifecycle_Intensity,Lifecycle_Phase,Inflation_Multiplier,Is_Inflating,Dark_Energy_Effect,Background_Knowledge,Knowledge_Suppression_Ratio,Critical_Transition
0,5.0,1.0,1.0,0.0,0.0,7.5,0.0,False,0.0,0,0.0,False,0.0,0.0,0.0,False
1,4.748784239490769,0.32136693307950603,3.4990978256849274,0.76,0.24,8.590142752130891,11.25,True,0.02911773320787564,0,1.0,False,0.0,0.32136693307950603,0.13333333333333333,False
2,4.300448638116445,0.3052985864255307,5.989789268182543,2.445351081152505,1.0537467445324222,8.383311629552006,124.76399245831995,True,0.05653978164142126,0,1.0,False,0.0,0.3410631545744247,0.03741112835404126,False
3,3.680073917898826,0.29003365710425416,8.461741887694677,4.26075020199697,1.7290390661855728,7.997817951377341,134.91408194564633,True,0.082364894294364,0,1.0,False,0.0,0.3590623235508569,0.036417420694385604,False
4,2.9209993497306495,0.27553197424904147,10.902972023773403,6.2063029718321285,2.255438915862548,7.610360910833758,142.6152527465161,True,0.10668606946672327,0,1.0,False,0.0,0.3747356090899523,0.036264098391275104,False
5,2.0510373151975103,0.2617553755365894,13.301577182777608,8.224102962149335,2.678869061624069,7.2395147726552596,150.366989243014,True,0.12959088965914106,0,1.0,False,0.0,0.38750120044703934,0.036204849872074646,False
6,1.1812416176660376,0.2486676067597599,15.646600946889095,10.282978350564688,3.01859883221292,6.886502127134483,158.492785823138,True,0.1511618369644845,0,1.0,False,0.0,0.3968781432108974,0.03615648061459574,False
7,0.6287469174264353,0.23623422642177191,17.92870671668082,12.359900426621852,3.286700520267242,6.550676896606499,167.0519370231526,True,0.17147659009247163,0,1.0,True,0.0,0.40251359996544284,0.03610942132435412,True
8,0.32202680799508154,0.22442251510068328,20.14061832275577,14.435737919006197,3.492968797674624,6.231225514740944,176.0726084581156,True,0.19060830409692958,0,1.8,True,0.0,0.40420000099126985,0.03606256729654156,False
9,0.1560543061918035,0.21320138934564917,22.277285986009492,16.494666102105292,3.645952220650478,5.927352200005328,185.5803022842141,True,0.20862587381300518,0,1.5926545765453743,True,0.0,0.40188476308781945,0.03601579088572168,False
10,0.028141170032078056,0.20254131987836668,24.335809810677688,18.524038637649898,3.7532473483595945,5.638297570008795,195.60138772633942,True,0.2255941819529868,0,1.4390493088752212,True,0.0,0.39567315917282075,0.035969077279642256,False
11,0.0,0.19241425388444833,26.31519270387827,20.514186629481493,3.8216231811961934,5.363339009450018,206.1635957413821,True,0.2415743327541504,0,1.3252557277924795,True,0.0,0.3858245775674921,0.035922424697079396,False
12,0.0,0.1827935411902259,28.2160023965033,22.45810262954974,3.857090074328531,5.101789112869753,217.29614713404487,True,0.25662387202001413,0,1.2409553695297617,True,0.0,0.3727424704778217,0.035875832861846146,False
13,0.0,0.1736538641307146,30.040009628306613,24.351052573312387,3.8649498231909107,4.852993993545861,229.0298396588985,True,0.27079699434738824,0,1.1785041281187438,True,0.0,0.3569584640953424,0.03582930167166488,False
14,0.0,0.16497117092417887,31.789848445304052,26.190166663165826,3.8498429651407893,4.616331651778389,241.3971339836814,True,0.28414473828546016,0,1.1322391105772693,True,0.0,0.3391113010957514,0.03578283104443607,False
15,0.0,0.15672261237796992,33.46872374173124,27.974048981575752,3.8157994637283,4.3912104202077495,254.43224358239465,True,0.2967151701297004,0,1.0979651426023855,True,0.0,0.31992147582529784,0.03573642090048396,False
16,0.0,0.1488864817590714,35.08017512792581,29.702430200660878,3.7662935410703597,4.177067484668749,268.17122939566036,True,0.30855355701244397,0,1.07257436263153,True,0.0,0.30016258565724196,0.03569007116050597,False
17,0.0,0.14144215767111784,36.627895916724,31.37587420288893,3.704300925036882,3.973367477145434,282.65209959197784,True,0.3197025299134608,0,1.18,True,0.0,0.2806305482357433,0.03564378174533574,False
18,0.0,0.13437004978756195,38.115600605314626,32.995539832331616,3.632356084392386,3.779601137338074,297.9149147146024,True,0.33020223717753044,0,1.18,True,0.0,0.26211191670119366,0.03559755257591563,False
19,0.0,0.12765154729818384,39.54693219934849,34.56299333300421,3.5526072723104165,3.5952840394993495,314.00189850599355,True,0.3400904890918481,0,1.18,True,0.0,0.24535255932103905,0.035551383573293426,False
20,0.0,0.12126896993327466,40.925400705615914,36.08006439158326,3.466867807765233,3.419955381357228,330.9575547165441,True,0.349402894043899,0,1.18,True,0.0,0.23102795440170654,0.03550527465862185,False
21,0.0,0.11520552143661092,42.25434509910079,37.548738034394965,3.3766626712209487,3.2531768320968313,348.8287902207504,True,0.3581729867501148,0,1.18,True,0.0,0.21971628630107493,0.03545922575315834,False
22,0.0,0.10944524536478036,43.53691241224256,38.97107506863255,3.283270030468235,3.0945314365212875,367.66504478141064,True,0.36643234901707483,0,1.18,True,0.0,0.21187541625078357,0.03541323677826493,False
23,0.0,0.10397298309654132,44.78691241224256,40.34915470880188,3.187757703440672,2.9436225726519365,387.51842782083287,True,0.37421072347012174,0,1.18,True,0.0,0.2078246469216226,0.035367307655408096,False
24,0.0,0.09877433394171427,46.03691241224256,41.69514765978867,3.091764752453893,2.8000729601619154,408.44386257741564,True,0.3815361206589391,0,1.18,True,0.0,0.20773200834476546,0.03532143830615863,False
25,0.0,0.09383561724462855,47.28691241224256,43.03906914659865,2.997843265643907,2.6635237171641877,430.4992380463981,True,0.3884349199257851,0,1.18,True,0.0,0.2116075725336861,0.03527562865219148,False
26,0.0,0.08914383638239712,48.53691241224256,44.3809052013961,2.9060072108464583,2.5336334629959825,453.7455691251069,True,0.39493196439961764,0,1.18,True,0.0,0.21930306369837382,0.03522987861528557,False
27,0.0,0.08468664456327726,49.78691241224256,45.720648475089284,2.8162639371532734,2.4100774647566157,478.2471654057217,True,0.40105065045819266,0,1.18,True,0.0,0.2305177798784612,0.03518418811732377,False
28,0.0,0.0804523123351134,51.03691241224256,47.05829742478839,2.7286149874541668,2.2925468254650108,504.0718090825171,True,0.406813011980295,0,1.18,True,0.0,0.24481059014596168,0.03513855708029262,False
29,0.0,0.07642969671835773,52.28691241224256,48.393855607202156,2.6430568050404033,2.180747711807335,531.2909424657306,True,0.41223979969150154,0,1.18,True,0.0,0.2616175292693261,0.03509298542628231,False
30,0.0,0.07260821188243984,53.53691241224256,49.727331061547545,2.559581350695014,2.0744006195440887,559.9798656208056,True,0.4173505558892067,0,1.18,True,0.0,0.2802742885426849,0.03504747307748644,False
31,0.0,0.06897780128831785,54.78691241224256,51.058735768453055,2.478176643789504,1.973239674740179,590.2179446797505,True,0.4221636848160013,0,1.18,True,0.0,0.30004270626249535,0.035002019956201925,False
32,0.0,0.06552891122390195,56.03691241224256,52.38808517367618,2.398827238566373,1.8770119690710405,622.0888314008881,True,0.4266965189348249,0,1.18,True,0.0,0.3201402018592879,0.03495662598482889,False
33,0.0037529351183822313,0.06225246566270685,57.28691241224256,53.715397767349344,2.32151464489321,1.7854769275430638,655.680694584385,True,0.4309653813445536,0,1.18,True,0.0,0.3397709803211449,0.03491129108587045,False
34,0.013262112321298841,0.059139842379571504,58.53691241224256,55.04069471100812,2.246217701234434,1.6984057070476244,691.0864639837473,True,0.43498564456078703,0,1.18,True,0.0,0.3581577629561289,0.03486601518193261,False
35,0.028346486016504368,0.05618285026059293,59.78691241224256,56.363999505913206,2.1729129063293544,1.6155806242450965,728.4040873880365,True,0.438771785873509,0,1.18,True,0.0,0.37457277954652834,0.03482079819572414,False
36,0.04882308782911934,0.05337370774756328,61.03691241224256,57.68533769720881,2.101574715033752,1.5367946113485507,767.7368015859978,True,0.44233743948096876,0,1.18,True,0.0,0.3883667863849153,0.03477564005005642,False
37,0.07450825550680665,0.05070502236018511,62.28691241224256,59.0047366093098,2.032175802932755,1.4618506984465944,809.1934179616937,True,0.445695445587521,0,1.18,True,0.0,0.39899495337660995,0.034730540667843306,False
38,0.11122068243615268,0.048169771242175856,63.53691241224256,60.322225108612116,1.9646873036304382,1.3905615210711493,852.8886235117136,True,0.4488578966422313,0,1.18,True,0.0,0.40603858820760214,0.03468549997210096,False
39,0.15865353385492612,0.04576128268006706,64.78691241224256,61.63783339020389,1.899079022038668,1.3227488517790837,898.9432981166873,True,0.45183618088475347,0,1.18,True,0.0,0.40922183153505814,0.03464051788594775,False
40,0.21641372994179062,0.0434732185460637,66.03691241224256,62.95159278574026,1.8353196265022949,1.2582431545766486,947.4848489448043,True,0.45464102335529377,0,1.18,True,0.0,0.40842265764284336,0.034595594332604104,False
41,0.2854756419782692,0.041299557618760516,67.28691241224256,64.26353559005052,1.7733768221920394,1.196883161072766,998.6475629124271,True,0.4572825245163394,0,1.18,True,0.0,0.40367774202412654,0.03455072923539235,False
42,0.37027020551957956,0.03923457973782249,68.53691241224256,65.57369490438633,1.7132175078562328,1.1385154673015574,1052.5729781768425,True,0.4597701966252338,0,1.18,True,0.0,0.3951810018564398,0.0345059225177366,False
43,0.470187130634938,0.03727285075093136,69.78691241224256,66.88210449450615,1.6548079177364041,1.082994150206151,1109.410275688846,True,0.46211299798857725,0,1.18,True,0.0,0.38327586757386434,0.034461174103162594,False
44,0.5849194232098018,0.035409208213384794,71.03691241224256,68.18879866203231,1.5981137502102398,1.0301804028249792,1169.3166918883437,True,0.46431936522180695,0,1.18,True,0.0,0.3684415936602424,0.03441648391529757,False
45,0.7199015133845579,0.03363874780271555,72.28691241224256,69.49381212772145,1.5431002845211006,0.9799421872685242,1232.4579536846495,True,0.46639724363012514,0,1.18,True,0.0,0.35127415442292464,0.03437185187787015,False
46,0.8743127802098215,0.03195681041257977,73.53691241224256,70.79717992546273,1.489732486779824,0.9321539046189443,1299.0087369248079,True,0.46835411582017966,0,1.18,True,0.0,0.33246248638471254,0.03432727791471013,False
47,1.0493591375561369,0.030358969891950784,74.78691241224256,72.09893730596565,1.437975106276907,0.8866960809273305,1369.1531496182267,True,0.4701970286455303,0,1.18,True,0.0,0.31276102444593734,0.03428276194974843,False
48,1.248565593749837,0.02884102139735324,76.03691241224256,73.39911964922541,1.387792763017151,0.8434550685235734,1443.0852412544298,True,0.4719326185829331,0,1.18,True,0.0,0.2929596267231151,0.03423830390701689,False
49,1.4709188012938081,0.02739897032748557,77.28691241224256,74.69776238496159,1.3391500272809607,0.8023227618921179,1521.0095396228794,True,0.4735671356308248,0,1.18,True,0.0,0.2738520870748071,0.034193903710648184,False
50,1.8505076642333116,0.026029021811111296,78.53691241224256,75.99490092031863,1.2920114919239314,0.7631963274032806,1603.14161661993,True,0.737553232908034,1,1.18,True,0.0,0.2562044906288612,0.034149561284875646,True
51,2.4256251605990555,0.02472757072055573,79.78691241224256,77.29057057419591,1.2463418380466456,0.7259779462244575,1689.7086846081513,True,1.0313952597646567,1,1.18,True,0.0,0.24072467388345992,0.03410527655403313,False
52,3.061617748374485,0.023491192184527943,81.03691241224256,78.58480651764472,1.2021058945978331,0.6905745697684991,1780.9502249777781,True,1.0626666167821521,1,1.18,True,0.0,0.2280340069178266,0.034061049442554926,False
53,3.7587229264004294,0.022316632575301545,82.28691241224256,79.877643719828,1.1592686924145525,0.6568976870678552,1877.1186506491358,True,1.0936906572928624,1,1.18,True,0.0,0.21864262267264,0.03401687987497553,False
54,4.51698946701253,0.021200800946536466,83.53691241224256,81.16911689909121,1.1177955131513435,0.6248631034929372,1978.4800043487649,True,1.1243449435824273,1,1.18,True,0.0,0.2129290808358752,0.03397276777592964,False
55,5.336270525715678,0.02014076089920964,84.78691241224256,82.45926047873716,1.0776519335053985,0.5943907302614713,2085.314694590967,True,1.1545084971874737,1,1.18,True,0.0,0.21112527707557313,0.03392871307015185,False
56,6.2162187688286235,0.01913372285424916,86.03691241224256,83.74810854713706,1.0388038651054898,0.5654043842126252,2197.91827140075,True,1.184062276342339,1,1.18,True,0.0,0.2133071992451901,0.03388471568247668,False
57,7.156283411241352,0.0181770367115367,87.28691241224256,85.03569482184447,1.0012175903980853,0.5378315973453306,2316.6022439241415,True,1.2128896457825364,1,1.18,True,0.0,0.2193918990864385,0.03384077553783835,False
58,8.155709055975006,0.017268184875959866,88.53691241224256,86.3220526174087,0.9648597948338568,0.5116034356446442,2441.6949421876902,True,1.2408768370508576,1,1.18,True,0.0,0.22914080016192506,0.03379689256127062,False
59,9.213536227201939,0.01640477563216187,89.78691241224256,87.60721481661133,0.9296975956312196,0.4866543267432114,2573.5424253910974,True,1.2679133974894983,1,1.18,True,0.0,0.2421692101440907,0.033753066677906784,False
60,10.328603488730868,0.015584536850553776,91.03691241224256,88.89121384487251,0.8956985673700484,0.46292189598697747,2712.5094392456785,True,1.2938926261462367,1,1.18,True,0.0,0.25796165823857875,0.03370929781297934,False
61,11.499551040650406,0.014805310008026087,92.28691241224256,90.1740816475947,0.8628307646478484,0.4403468104953093,2858.9804250070033,True,1.3187119948743449,1,1.18,True,0.0,0.2758924462901773,0.033665585891820046,False
62,12.724825687817688,0.01406504450762478,93.53691241224256,91.4558496702304,0.8310627420121464,0.4188726308256737,3013.3605829930952,True,1.3422735529643444,1,1.18,True,0.0,0.29525059426618677,0.03362193083985968,False
63,14.002687075144502,0.013361792282243542,94.78691241224256,92.73654884087627,0.8003635713662949,0.39844566987202645,3176.0769935302847,True,1.3644843137107059,1,1.18,True,0.0,0.31526818562190445,0.03357833258262788,False
64,15.33121508614073,0.012693702668131362,96.03691241224256,94.01620955521152,0.7707028570310426,0.3790148586441591,3347.579798427647,True,1.3852566213878945,1,1.18,True,0.0,0.3351509825101539,0.03353479104575313,False
65,16.708318302896238,0.012059017534724796,97.28691241224256,95.29486166361166,0.7420507486309088,0.36053161859244326,3528.3434462484947,True,1.4045084971874737,1,1.18,True,0.0,0.35411009030511187,0.033491306154962486,False
66,18.131743427592028,0.011456066657988555,98.53691241224256,96.57253446028022,0.7143779519623279,0.34294974015878393,3718.8680048237316,True,1.4221639627510076,1,1.18,True,0.0,0.3713934090776764,0.033447877836081566,False
67,19.599085567707046,0.010883263325089126,99.78691241224256,97.8492566742529,0.6876557379896613,0.3262252672501537,3919.6805446380677,True,1.4381533400219317,1,1.18,True,0.0,0.38631561815305354,0.03340450601503432,False
68,21.107799289306932,0.01033910015883467,101.03691241224256,99.12505646213732,0.6618559501052396,0.3103163873458871,4131.336596915982,True,1.4524135262330098,1,1.18,True,0.0,0.39828549836250265,0.033361190617842915,False
69,22.655210345147182,0.009822145150892936,102.28691241224256,100.39996140246198,0.6369510097805696,0.29518332696400423,4354.421690441089,True,1.4648882429441257,1,1.18,True,0.0,0.4068295027387876,0.03331793157062771,False
70,24.23852798677901,0.009331037893348288,103.53691241224256,101.67399849151498,0.6129139207275751,0.28078825222521947,4427.749904460063,True,1.4755282581475768,1,1.18,True,0.0,0.4116106359674982,0.03327472879960691,False
71,25.854857772396393,0.008864485998680872,104.78691241224256,102.94719414056144,0.5897182716811152,0.2670951742660482,4211.823783378292,True,1.4842915805643155,1,1.18,True,0.0,0.4124418899314007,0.03323158223109665,False
72,27.501214784794712,0.008421261698746829,106.03691241224256,104.21957417433549,0.5673382379070601,0.2540698592645378,4006.427613990723,True,1.4911436253643444,1,1.18,True,0.0,0.4092936997162856,0.033188491791510746,False
73,29.174537176513724,0.008000198613809488,107.28691241224256,105.49116383070886,0.5457485815336961,0.24167974285368404,3811.047888968066,True,1.496057350657239,1,1.18,True,0.0,0.4022951228320266,0.03314545740736056,False
74,30.87169996199977,0.007600188683119012,108.53691241224256,106.7619877614443,0.5249246507982542,0.22989384870856594,3625.19614280526,True,1.499013364214136,1,1.18,True,0.0,0.39172869463809556,0.03310247900525493,False
75,32.58952897943588,0.007220179248963061,109.78691241224256,108.03207003394779,0.5048423782947679,0.21868271110366008,3448.4077306284885,True,1.5,1,1.18,True,0.0,0.3780191650724783,0.03305955651189994,False
76,34.32481494774647,0.0068591702865149085,111.03691241224256,109.3014341339383,0.48547827830426116,0.2080183012467293,3280.240666554901,True,1.499013364214136,1,1.18,True,0.0,0.3617165657160018,0.03301668985409893,False
77,36.07432754717836,0.0065162117721891625,112.28691241224256,110.57010296895913,0.4668094432834187,0.19787395720511441,3120.2745187009396,True,1.4960573506572388,1,1.18,True,0.0,0.34347428225565846,0.03297387895875222,False
78,37.834829454787695,0.006190401183579703,113.53691241224256,111.83809887265924,0.44881353958331965,0.18822431724924313,2968.1093580767156,True,1.4911436253643444,1,1.18,True,0.0,0.32402300652943594,0.03293112375285705,False
79,39.60309026911661,0.005880881124400718,114.78691241224256,113.10544360977701,0.43146880246555086,0.17904525644671354,2823.3647587386467,True,1.4842915805643155,1,1.18,True,0.0,0.3041416066032052,0.03288842416350747,False
80,41.375900261322414,0.005586837068180682,116.03691241224256,114.37215838176355,0.4147540304789994,0.17031382634843242,2685.678846700703,True,1.4755282581475768,1,1.18,True,0.0,0.28462607619849223,0.03284578011789412,False
81,43.15008389301951,0.005307495214771648,117.28691241224256,115.63826383298574,0.3986485792568186,0.16200819761602417,2554.7073952264864,True,1.4648882429441257,1,1.18,True,0.0,0.2662578013601533,0.03280319154330422,False
82,44.92251304411014,0.005042120454033065,118.53691241224256,116.90378005745305,0.3831323547895098,0.15410760544707422,2430.1229642403628,True,1.4524135262330098,1,1.18,True,0.0,0.24977240947241108,0.03276065836712133,False
83,46.690119896909565,0.004790014431331412,119.78691241224256,118.1687266060159,0.368185806226665,0.14659229766176995,2311.614081706113,True,1.4381533400219317,1,1.18,True,0.0,0.23583044251528662,0.032718180516825304,False
84,48.44990942591344,0.0045505137097648415,121.03691241224256,119.43312249398582,0.3537899182567378,0.13944348532115095,2198.8844649265493,True,1.4221639627510074,1,1.18,True,0.0,0.22499102372671703,0.032675757919992054,False
85,50.19897144560751,0.004322988024276599,122.28691241224256,120.69698620913138,0.33992620311116994,0.13264329575351488,2091.652279817264,True,1.4045084971874737,1,1.18,True,0.0,0.21768956749798363,0.03263339050429353,False
86,51.93449217178052,0.004106838623062769,123.53691241224256,121.96033572000621,0.3265766922363508,0.12617472787154155,1989.6494363027232,True,1.3852566213878945,1,1.18,True,0.0,0.21422042113908396,0.032591078197497556,False
87,53.65376525486838,0.0039014966919096302,124.78691241224256,123.2231884845684,0.3137239276741573,0.12002160966842576,1892.6209180731232,True,1.3644843137107059,1,1.18,True,0.0,0.21472513053256992,0.032548820927467664,False
88,55.35420224692941,0.003706421857314149,126.03691241224256,124.48556145905332,0.30135095318924865,0.1141685577867589,1800.324145026386,True,1.3422735529643444,1,1.18,True,0.0,0.21918679748765788,0.032506618622163024,False
89,57.033342466925205,0.0035211007644484404,127.28691241224256,125.74747110706372,0.289441305178845,0.10860093905907749,1712.5283668013835,True,1.3187119948743449,1,1.18,True,0.0,0.22743075374952673,0.0324644712096382,False
90,58.688862232056934,0.003345045726226019,128.53691241224254,127.00893340884417,0.2779790033983904,0.10330483392393056,1629.0140858861623,True,1.2938926261462367,1,1.18,True,0.0,0.23913152479359007,0.032422378618043146,False
91,60.31858342598032,0.0031777934399147174,129.78691241224254,128.26996387070824,0.26694854153430236,0.09826700162600313,1549.5725088589584,True,1.2679133974894985,1,1.18,True,0.0,0.25382580578062575,0.03238034077562308,False
92,61.92048137779311,0.0030189037679189813,131.03691241224254,129.53057753458964,0.25633487765291124,0.09347484711329439,1474.005024390047,True,1.2408768370508578,1,1.18,True,0.0,0.2709309323627488,0.031777934399147174,False
93,63.49269202875145,0.0028679585795230323,132.28691241224254,130.79078898768984,0.24612342455270364,0.08891638954859299,1402.1227066994156,True,1.2128896457825364,1,1.18,True,0.0,0.2897681099678273,0.03018903767918981,False
94,65.03351836672628,0.0027245606505468807,133.53691241224254,132.05061237219743,0.2363000400451011,0.08458023235652506,1333.7458432288947,True,1.1840622763423392,1,1.18,True,0.0,0.3095894754844122,0.028679585795230323,False
95,66.54143611145227,0.0025883326180195366,134.78691241224254,133.31006139505533,0.2268510171872086,0.08045553473129288,1268.7034853478758,True,1.1545084971874737,1,1.18,True,0.0,0.32960791248350874,0.027245606505468804,False
96,68.01509863664725,0.0024589159871185595,136.03691241224254,134.56914933775428,0.21776307448827248,0.0765319845338708,1206.8330209693931,True,1.1243449435824273,1,1.18,True,0.0,0.34902843133868894,0.025883326180195364,False
97,69.45334111808695,0.0023359701877626315,137.28691241224254,135.82788906613257,0.209023346109971,0.0727997725109011,1147.9797680080621,True,1.0936906572928624,1,1.18,True,0.0,0.3670798632184641,0.024589159871185595,False
98,70.85518389970154,0.0022191716783745,138.53691241224254,137.0862930401634,0.2006193720791373,0.0692495677708345,1091.9965876635165,True,1.0626666167821524,1,1.18,True,0.0,0.383045604411731,0.023359701877626315,False
99,72.21983507271653,0.002108213094455775,139.78691241224254,138.3443733237125,0.19253908853005997,0.06587249445600588,1038.7435165625175,True,1.0313952597646567,1,1.18,True,0.0,0.3962921853073098,0.022191716783745,False
100,73.87840656404809,0.0020028024397329863,141.03691241224254,139.6021415942504,0.18477081799214348,0.06266010955232315,988.087416840088,True,1.25,2,1.18,True,0.0,0.40629452507276276,0.02108213094455775,True
101,75.95306393487306,0.001902662317746337,142.28691241224254,140.85960915250513,0.17730325973740696,0.05960438178109269,939.9016432848472,True,1.5594000000000001,2,1.18,True,0.00020000165014867865,0.41265686520837896,0.020028024397329862,False
102,78.11063473920959,0.00180752920185902,143.53691241224254,142.11678693204146,0.17012548020107385,0.0566976715202101,894.0657267163904,True,1.6176,2,1.18,True,0.0002842522354215253,0.41512854742181005,0.019026623177463366,False
103,80.34963247107015,0.001717152741766069,144.78691241224254,143.3736855087552,0.16322690348734928,0.05393271170451741,850.4650728031515,True,1.6746,2,1.18,True,0.0003498599153730883,0.4136140068094999,0.0180752920185902,False
104,82.66854468994828,0.0016312951046777654,146.03691241224254,144.63031511027117,0.15659730197138022,0.05130258965757759,808.9906755677612,True,1.7304,2,1.18,True,0.0004059734988092582,0.4081765819485024,0.01717152741766069,False
105,85.0658352667501,0.001549730349443877,147.28691241224254,145.88668562523517,0.15022678700736836,0.04880072980944405,769.5388448636638,True,1.785,2,1.18,True,0.0004561171318190954,0.39903599000254497,0.016312951046777654,False
106,87.53994646389667,0.0014722438319716832,148.53691241224254,147.14280661249072,0.1441057997518251,0.04642087725721898,732.0109471416606,True,1.8384,2,1.18,True,0.0005020886072599651,0.38655956750207854,0.01549730349443877,False
107,90.08930086082432,0.001398631640373099,149.78691241224254,148.3986873101325,0.1382251021100458,0.04415708212730109,696.3131588582846,True,1.8906,2,1.18,True,0.0005449502886361257,0.37124762600094874,0.014722438319716832,False
108,92.71230313539294,0.001328700058354444,151.03691241224254,149.65433664442952,0.13257576781301547,0.04200368470022684,662.3562319095163,True,1.9416,2,1.18,True,0.0005853907422542303,0.35371350643361393,0.013986316403730988,False
109,95.40734171103738,0.0012622650554367219,152.28691241224254,150.9097632386114,0.12714917363114714,0.039955301260917515,630.0552705034027,True,1.9913999999999998,2,1.18,True,0.0006238857444936394,0.3346591273429096,0.01328700058354444,False
110,98.17279027886471,0.0011991518026648858,153.53691241224254,152.16497542151205,0.12193699073049653,0.038006810638955946,599.3295189137627,True,2.04,2,1.18,True,0.0006607798883334103,0.3148470017935119,0.012622650554367218,False
111,101.00700920330658,0.0011391942125316414,154.78691241224254,153.41998123606618,0.11693117617637763,0.036153341405243344,570.1021595843391,True,2.0873999999999997,2,1.18,True,0.0006963319449749508,0.29506983856860286,0.011991518026648858,False
112,103.90834681937822,0.0010822345019050592,156.03691241224254,154.6747884476539,0.11212396458864018,0.03439025969302707,542.3001210786501,True,2.1336000000000004,2,1.18,True,0.0007307418922078299,0.27611893955424394,0.011391942125316414,False
113,106.87514062907329,0.0010281227768098062,157.28691241224254,155.9294045522903,0.10750785995224277,0.032713157612850874,515.8538953954061,True,2.1786,2,1.18,True,0.0007641679185071855,0.25875265320814556,0.010822345019050592,False
114,109.90571840393393,0.000976716637969316,158.53691241224254,157.18383678465636,0.10307562758617071,0.031117842232464787,490.6973641927631,True,2.2224,2,1.18,True,0.0007967375992646626,0.24366614177362245,0.010281227768098061,False
115,112.89851054083563,0.00092788080607085,159.78691241224254,158.43809212596935,0.09882028627320588,0.029600325094143416,466.76763348697176,True,2.265,2,1.18,True,0.0008285555121968379,0.23146366752462832,0.009767166379693158,False
116,115.73650180947452,0.0008814867657673076,161.03691241224254,159.69217731169,0.09473510055254507,0.028156812243205386,444.00487641215125,True,2.3064,2,1.18,True,0.0008597085857137232,0.22263450290194947,0.0092788080607085,False
117,118.42140514354719,0.0008374124274789423,162.28691241224254,160.94609883906574,0.09081357317679417,0.02678369474280478,422.35218364808077,True,2.3466,2,1.18,True,0.0008902699530487591,0.21753342492752303,0.008814867657673076,False
118,120.95525586242957,0.000795541806104995,163.53691241224254,162.1998629745081,0.0870494377344266,0.025477539651280558,401.75542114207167,True,2.3856,2,1.18,True,0.0009203017919092946,0.21636657152313754,0.008374124274789422,False
119,123.34037186629912,0.0007557647157997452,164.78691241224254,163.45347576080417,0.08343665143838769,0.02423508143950731,382.1630947692084,True,2.4234,2,1.18,True,0.0009498574574982252,0.2191832235975672,0.00795541806104995,False
120,125.5793172253965,0.0007179764800097579,166.03691241224254,164.70694302416138,0.07996938808115384,0.023053213826789785,363.52622159260966,True,2.46,2,1.18,True,0.0009789831121970827,0.2258738405244926,0.007557647157997452,False
121,127.67486891507649,0.00068207765600927,167.28691241224254,165.96027038108633,0.07664203115620606,0.021928982014890477,345.79820740184675,True,2.4954,2,1.18,True,0.0010077189895713904,0.23617442733060467,0.007179764800097578,False
122,129.6299864647614,0.0006479737732088065,168.53691241224254,167.213463245097,0.0734491671455597,0.02085957530077505,328.9347302233571,True,2.5296,2,1.18,True,0.001036100388011284,0.24967705948797872,0.0068207765600927,False
123,131.44778430437745,0.0006155750845483662,169.78691241224254,168.46652683326985,0.07038557897269954,0.01984232004960662,312.8936295116257,True,2.5626,2,1.18,True,0.0010641584613182273,0.2658461457205519,0.006479737732088065,False
124,133.13150660638007,0.0005847963303209478,171.03691241224254,169.71946617262253,0.067446239619999,0.018874673010421297,297.6348007440993,True,2.5944000000000003,2,1.18,True,0.0010919208546236135,0.2840397804780178,0.006155750845483661,False
125,134.68450443510875,0.0005555565138049004,172.28691241224254,170.9722861063331,0.06462630590945855,0.017954214957773468,283.12009515631945,True,2.625,2,1.18,True,0.0011194122209814102,0.30353533482147116,0.005847963303209478,False
126,136.1102150280042,0.0005277786881146554,173.53691241224254,172.22499129979718,0.06192111244537329,0.017078644643454648,269.313224366602,True,2.6544,2,1.18,True,0.0011466546448263908,0.32355826549303063,0.005555565138049004,False
127,137.41214304521432,0.0005013897537089226,174.78691241224254,173.4775862465252,0.059326165717337356,0.01624577304316478,256.1796696518197,True,2.6826,2,1.18,True,0.001173667991965878,0.34331299364282425,0.005277786881146554,False
128,138.59384363536032,0.0004763202660234765,176.03691241224254,174.73007527388074,0.0568371383618087,0.015453517883752096,243.68659564747165,True,2.7096,2,1.18,True,0.0012004702010534943,0.36201462217601604,0.005013897537089226,False
129,139.65890717576707,0.00045250425272230267,177.28691241224254,175.98246254866226,0.05444986358029213,0.014699898437339588,231.8027682562814,True,2.7354,2,1.18,True,0.001227077528033003,0.3789202272494048,0.004763202660234765,False
130,140.61094555532787,0.0004298790400861875,178.53691241224254,177.2347520825305,0.05216032971205095,0.013983030569322735,220.49847656009382,True,2.76,2,1.18,True,0.0012535047524715513,0.3933584764244474,0.0045250425272230265,False
131,141.45357987740653,0.0004083850880818781,179.78691241224254,178.48694773728343,0.049964674959124655,0.013301122027858344,209.74545853984102,True,2.7834,2,1.18,True,0.0012797653527729228,0.40475639269447855,0.004298790400861874,False
132,142.19042946882263,0.0003879658336777842,181.03691241224254,179.73905322998124,0.04785918226131293,0.012652467963067782,199.51683041787516,True,2.8056,2,1.18,True,0.0013058716557978983,0.4126621973888839,0.004083850880818781,False
133,142.82510208904634,0.00036856754199389495,182.28691241224254,180.99107213792385,0.045840274318683906,0.012035446664752286,189.78701944601676,True,2.8266,2,1.18,True,0.0013318349652974403,0.41676332127979,0.0038796583367778415,False
134,143.36118524128497,0.0003501391648942002,183.53691241224254,182.24300790348346,0.04390450875907393,0.011448515507964474,180.5316999712843,True,2.8464,2,1.18,True,0.0013576656726972645,0.41689886584534125,0.0036856754199389493,False
135,143.8022384942073,0.0003326322066494902,184.78691241224254,183.49486383879457,0.04204857344796986,0.010890207096299509,171.72773261946708,True,2.8649999999999998,2,1.18,True,0.0013833733530961327,0.4130660178983837,0.0035013916489420017,False
136,144.15178672964652,0.00031600059631701566,186.03691241224254,184.74664313030445,0.040269281938097846,0.010359125593263983,163.35310644449262,True,2.8824,2,1.18,True,0.001408966848808602,0.40542016184960816,0.0033263220664949016,False
137,144.41331423778462,0.00030020056650116486,187.28691241224254,185.99834884318656,0.03856356905598821,0.00985394323255066,155.38688389895975,True,2.8986,2,1.18,True,0.0014344543423619918,0.3942686851296322,0.0031600059631701565,False
138,144.59025958707142,0.0002851905381761066,188.53691241224254,187.2499839256198,0.03692848662274073,0.009373396998494439,147.8091484882599,True,2.9136,2,1.18,True,0.0014598434205215585,0.3800587237283452,0.0030020056650116485,False
139,144.68601120149805,0.00027093101126730125,189.78691241224254,188.50155121293636,0.03536119930617845,0.008916285468410525,140.6009549774166,True,2.9274,2,1.18,True,0.0014851411306483339,0.3633593363982467,0.002851905381761066,False
140,144.70390358284857,0.0002573844607039362,191.03691241224254,189.75305343164098,0.03385898060155123,0.008481465808920365,133.74428202615786,True,2.94,2,1.18,True,0.0015103540304763664,0.34483881818008577,0.0027093101126730123,False
141,144.64721412022217,0.0002445152376687394,192.28691241224254,191.0044932033046,0.03241920893793095,0.00806785091875593,127.22198713380547,True,2.9514,2,1.18,True,0.0015354882322191554,0.32523805768899267,0.002573844607039362,False
142,144.5191604334658,0.0002322894757853024,193.53691241224254,192.2558730483351,0.031039363907427953,0.007674406710899188,121.01776378133896,True,2.9616000000000002,2,1.18,True,0.0015605494417705466,0.30534100032207623,0.002445152376687394,False
143,144.32289820121076,0.00022067500199603727,194.78691241224254,193.50719538962818,0.02971702261435343,0.0073001495272618094,115.11610066348783,True,2.9706,2,1.18,True,0.0015855429936466002,0.2859433949262323,0.002322894757853024,False
144,144.0615194279797,0.00020964125189623536,196.03691241224254,194.75846255610108,0.02844985614145348,0.00694414367944173,109.50224290892713,True,2.9784000000000006,2,1.18,True,0.001610473882216948,0.2678210698979426,0.0022067500199603727,False
145,143.73805110834434,0.00019915918930142363,197.28691241224254,196.0096767861122,0.027235626130347357,0.00660549910940818,104.16215519162594,True,2.9850000000000003,2,1.18,True,0.0016353467896928543,0.2516990034468917,0.0020964125189623533,False
146,143.3554542493811,0.00018920122983635243,198.53691241224254,197.26084023076922,0.026072181473314273,0.006283369164266745,99.0824866411227,True,2.9904,2,1.18,True,0.0016601661112714762,0.2382224210944302,0.001991591893014236,False
147,142.9166232157158,0.0001797411683445348,199.78691241224254,198.51195495712895,0.02495745511359021,0.005976948479541192,94.25053746400117,True,2.9946,2,1.18,True,0.0016849359777791465,0.22793107265845453,0.0018920122983635242,False
148,142.4243853642718,0.00017075410992730805,201.03691241224254,199.7630229512912,0.02388946095135716,0.005685470965680078,89.65422719311788,True,2.9976,2,1.18,True,0.0017096602761088853,0.22123771422017613,0.001797411683445348,False
149,141.88150093846633,0.00016221640443094264,202.28691241224254,201.01404612138992,0.022866290852632254,0.00540820789275429,85.28206448520116,True,2.9994,2,1.18,True,0.0017343426677071982,0.21841165292890563,0.0017075410992730803,False
150,141.29066319403827,0.0001541055842093955,203.53691241224254,202.26502630048424,0.021886111758293362,0.0051444660685570475,81.12311839131435,True,3.0,2,1.18,True,0.0017589866053312208,0.21956801066158763,0.0016221640443094263,False
151,124.96235228379783,0.0001464003049989257,204.78691241224254,203.51596524935204,0.02094716289050913,5.2366554208594795,77.16699102835571,True,2.9994,2,1.18,True,0.0017835953482683634,0.22466313456113873,0.0015410558420939548,False
152,107.30077771777849,0.0001390802897489794,206.03691241224254,175.7312065251128,29.05570588712974,5.556754541793043,78549.83131289219,True,2.9976,2,1.18,True,0.0018081719761860165,0.2334963374209743,2.795683374845721e-05,False
153,90.2394055678385,0.0001321262752615304,207.28691241224254,174.32945297352782,31.707459438714718,5.349052759875582,83351.31812689564,True,2.9946,2,1.18,True,0.001832719401757781,0.24571789853212012,2.5029050447152058e-05,False
154,73.94762847595493,0.00012551996149845387,208.53691241224254,177.014777436883,30.272134975359535,5.095139869356322,80235.79139813373,True,2.9904,2,1.18,True,0.0018572403821946284,0.26084300602441307,2.470087344298388e-05,False
155,58.413507115973005,0.00011924396342353119,209.78691241224254,180.02205947566023,28.514852936582322,4.8474129630848495,76427.09804034482,True,2.985,2,1.18,True,0.001881737529793846,0.2782710848646766,2.4635233716225935e-05,False
156,43.60643402768433,0.0001132817652523546,211.03691241224254,182.94202325278238,26.844889159460166,4.6110861156383836,72711.19444627274,True,2.9783999999999997,2,1.18,True,0.0019062133216051736,0.2973097399656067,2.459950582540123e-05,False
157,29.494841718756796,0.00010761767698973688,212.28691241224254,185.7431357617625,25.29377665048005,4.386210074165598,69166.29173457576,True,2.9706,2,1.18,True,0.001930670108301946,0.3172023598692027,2.4567262985647203e-05,False
158,16.048120361866964,0.00010223679314025003,213.53691241224254,188.43274252116586,23.854169891076676,4.172293117104669,65793.15111248397,True,2.9616000000000002,2,1.18,True,0.0019551101223349403,0.33715828053302355,2.4535458897328192e-05,False
159,4.897982329571385,9.712495348323751e-05,214.78691241224254,191.020989000287,22.51592341195554,3.9688081051240163,62584.39675657003,True,2.9514,2,1.18,True,0.001979535485437876,0.35638430668432386,2.4503741772389296e-05,False
160,0.29452499280319805,9.226870580907563e-05,216.03691241224254,193.51717665095492,21.269735761287635,3.775247073854659,59532.12157686025,True,2.94,2,1.18,True,0.002003948215545841,0.3741163340851793,2.447207093682414e-05,False
161,0.0,8.765527051862184e-05,217.28691241224254,195.92954374804233,20.107368664200212,3.59112611390893,56628.70610781988,True,2.9274,2,1.18,True,0.002028350233181234,0.3896498120287077,2.4440441646343974e-05,False
162,0.0,8.327250699269075e-05,218.53691241224254,198.26538270115933,19.021529711083208,3.415984837376461,53866.89170863395,True,2.9136,2,1.18,True,0.0020527433673559474,0.40236783162281475,2.440885330624308e-05,False
163,0.0,7.910888164305621e-05,219.78691241224254,200.53116960781566,18.005742804426895,3.2493853010321048,51239.77256064691,True,2.8986,2,1.18,True,0.002077129361033349,0.4117657200702584,2.4377305801112853e-05,False
164,0.0,7.51534375609034e-05,221.03691241224254,202.7326758869268,17.05423652531572,3.0909109194358186,48740.77951548157,True,2.8824,2,1.18,True,0.002101509876189101,0.41747116044871263,2.4345799070959298e-05,False
165,0.0,7.139576568285823e-05,222.28691241224254,204.87506234644152,16.16185006580103,2.9401654241526614,46363.66379153728,True,2.8649999999999998,2,1.18,True,0.0021258864985058473,0.4192590348787244,2.4314333062248552e-05,False
166,0.0,6.782597739871532e-05,223.53691241224254,206.9629585670766,15.323953845165939,2.7967718729744835,44102.48136228992,True,2.8464,2,1.18,True,0.0021502607417332466,0.41706039932931355,2.4282907722253102e-05,False
167,0.0,6.443467852877955e-05,224.78691241224254,209.00053018002677,14.536382232215766,2.660371707379091,41951.57809461725,True,2.8266,2,1.18,True,0.002174634051741732,0.41096523226406206,2.4251522998398707e-05,False
168,0.0,6.121294460234057e-05,226.03691241224254,210.9915361359212,13.795376276321338,2.5306238559484924,39905.57561068636,True,2.8056,2,1.18,True,0.0021990078102955527,0.40121884754786774,2.422017883818891e-05,False
169,0.0,5.815229737222355e-05,227.28691241224254,212.93937765980348,13.097534752439053,2.4072038815129444,37959.357839227385,True,2.7834,2,1.18,True,0.0022233833385682275,0.3882121146204739,2.4188875189196226e-05,False
170,0.0,5.524468250361237e-05,228.53691241224254,214.8471402670767,12.439772145165852,2.2898031698891614,36108.05822269416,True,2.7600000000000002,2,1.18,True,0.002247761900421301,0.3724658758276103,2.4157611999061095e-05,False
171,0.0,5.2482448378431745e-05,229.78691241224254,216.7176299616147,11.819282450627842,2.17812815818421,34347.04754833742,True,2.7354000000000003,2,1.18,True,0.0022721447054653504,0.3546101821415992,2.4126389215491612e-05,False
172,0.0,4.985832595951015e-05,231.03691241224254,218.5534045349618,11.23350787728075,2.071899600735467,32671.922372763147,True,2.7096,2,1.18,True,0.002296532911920442,0.335359175077747,2.409520678626348e-05,False
173,0.0,4.736540966153464e-05,232.28691241224254,220.35680072340534,10.680111688837208,1.9708518708511034,31078.494011032002,True,2.6826,2,1.18,True,0.002320927629291637,0.3154826161852537,2.4064064659219892e-05,False
174,0.0,4.4997139178457905e-05,233.53691241224254,222.12995784905416,10.156954563188364,1.8747322966050834,29562.778062766552,True,2.6544,2,1.18,True,0.0023453299208737828,0.2957751991420312,2.4032962782271455e-05,False
175,0.0,4.274728221953501e-05,234.78691241224254,223.87483846523742,9.662073947005126,1.7833005290258275,28120.98444907625,True,2.625,2,1.18,True,0.0023697408060985056,0.2770248678833693,2.4001901103396127e-05,False
176,0.0,4.060991810855826e-05,236.03691241224254,225.59324644041868,9.193665971823867,1.6963279410986651,26749.507935387413,True,2.5944000000000003,2,1.18,True,0.002394161262735252,0.2599814038207059,2.3970879570639046e-05,False
177,0.0,3.8579422203130344e-05,237.28691241224254,227.2868428444079,8.75006956783466,1.613597056079292,25444.919116479978,True,2.5625999999999998,2,1.18,True,0.0024185922289571386,0.2453265344789835,2.3939898132112548e-05,False
178,0.0,3.665045109297382e-05,238.53691241224254,228.95715994282574,8.329752469416796,1.5349010036887023,24203.95584118938,True,2.5296,2,1.18,True,0.002443034605281482,0.23364675522689388,2.3908956735996026e-05,False
179,0.0,3.481792853832513e-05,239.78691241224254,230.6056135580854,7.931298854157146,1.4600430028298068,23023.515055330532,True,2.4954,2,1.18,True,0.0024674892563940503,0.22540994761189317,2.3878055330535835e-05,False
180,0.0,3.307703211140887e-05,241.03691241224254,232.23351401566384,7.5533983965787,1.3888358695322534,21900.645042447104,True,2.46,2,1.18,True,0.0024919570128653016,0.22094672645318653,2.3847193864045223e-05,False
181,0.0,3.1423180505838426e-05,242.28691241224254,233.8420758616068,7.194836550635762,1.3211015488950684,20832.538042983797,True,2.4233999999999996,2,1.18,True,0.0025164386727662105,0.22043725932524577,2.3816372284904263e-05,False
182,0.0,2.98520214805465e-05,243.53691241224254,235.43242650981753,6.854485902425002,1.2566706698567138,19816.52323342602,True,2.3856,2,1.18,True,0.0025409350031906654,0.22390408389747196,2.3785590541559714e-05,False
183,0.0,2.8359420406519175e-05,244.78691241224254,237.00561395474296,6.53129845749958,1.1953821216792722,18850.060047850708,True,2.3466,2,1.18,True,0.0025654467416908367,0.23121120948001683,2.3754848582524998e-05,False
184,0.0,2.6941449386193214e-05,246.03691241224254,238.56261366579452,6.224298746448027,1.137082651087733,17930.73182518908,True,2.3064,2,1.18,True,0.0025899745976314466,0.24206953859431077,2.3724146356380064e-05,False
185,0.0,2.559437691688355e-05,247.28691241224254,240.10433476359404,5.932577648648517,1.0816264790570311,17056.239766315994,True,2.265,2,1.18,True,0.0026145192534683544,0.25604839242740324,2.3693483811771318e-05,False
186,0.0,2.4314658071039374e-05,248.53691241224254,241.63162556439082,5.655286847851738,1.0288749362885987,16224.397185855465,True,2.2224,2,1.18,True,0.0026390813659564975,0.2725926806866373,2.3662860897411547e-05,False
187,0.0,2.3098925167487404e-05,249.78691241224254,243.145278567339,5.391633844903552,0.9786961164649357,15433.12404432898,True,2.1786,2,1.18,True,0.0026636615672918167,0.2910450313467402,2.3632277562079837e-05,False
188,0.0,2.1943978909113034e-05,251.03691241224254,244.6460349494049,5.140877462837642,0.9309645464151517,14680.441746974035,True,2.1336000000000004,2,1.18,True,0.0026882604661914392,0.3106719980461742,2.3601733754621454e-05,False
189,0.0,2.084677996365738e-05,252.28691241224254,246.1345886242108,4.90232378803173,0.8855608723667234,13964.468196227275,True,2.0873999999999997,2,1.18,True,0.002712878648916095,0.33069330032655203,2.357122942394779e-05,False
190,0.0,1.9804440965474512e-05,253.53691241224254,247.61158991388044,4.67532249836212,0.842371561498936,13283.41308550085,True,2.04,2,1.18,True,0.0027375166802384135,0.3503129309990738,2.3540764519036282e-05,False
191,0.0,1.8814218917200787e-05,254.78691241224254,249.0776488767393,4.4592635355032515,0.8012886180517282,12635.573422484038,True,1.9913999999999998,2,1.18,True,0.0027621751043605193,0.3687508904854538,2.3510338988930276e-05,False
192,0.0,1.7873507971340748e-05,256.03691241224254,250.5333383283812,4.253574083861347,0.7622093132800795,12019.329270775921,True,1.9416,2,1.18,True,0.0027868544457840577,0.3852742829853138,2.3479952782739027e-05,False
193,0.0,1.6979832572773708e-05,257.28691241224254,251.97919658900503,4.0577158232375234,0.7250359285786679,11433.13969920119,True,1.8905999999999996,2,1.18,True,0.002811555210135584,0.399226534764004,2.344960584963752e-05,False
194,0.0,1.6130840944135023e-05,258.53691241224254,253.4157299859462,3.871182426296332,0.6896755111344917,10875.53892868002,True,1.8384000000000005,2,1.18,True,0.0028362778849500346,0.4100535697199206,2.3419298138866453e-05,False
195,0.0,1.532429889692827e-05,259.78691241224254,254.84341513687858,3.693497275363958,0.6560396414964498,10345.132667017375,True,1.7850000000000001,2,1.18,True,0.0028610229404147885,0.4173258986940622,2.3389029599732146e-05,False
196,0.0,1.4558083952081855e-05,261.03691241224254,256.2627010361687,3.5242113760738025,0.6240442124806864,9840.594622446746,True,1.7304000000000004,2,1.18,True,0.0028857908300766928,0.4207557418907805,2.3358800181606402e-05,False
197,0.0,1.383017975447776e-05,262.28691241224254,257.674010964261,3.362901447981546,0.5936092188588503,9360.663187210295,True,1.6746,2,1.18,True,0.0029105819915142086,0.4202085017928413,2.3328609833926495e-05,False
198,0.0,1.3138670766753873e-05,263.53691241224254,259.0777442377001,3.209168174542462,0.5646585573033759,8904.138282882754,True,1.6176,2,1.18,True,0.002935396846976741,0.4157081291818962,2.3298458506195016e-05,False
199,0.0,1.248173722841618e-05,264.78691241224254,260.4742778154153,3.0626345968272544,0.5371198360895495,8469.878359550637,True,1.5594000000000001,2,1.18,True,0.002960235803993038,0.40743616833806634,2.3268346147979862e-05,False
200,0.0,1.185765036699537e-05,266.03691241224254,261.8639677751535,2.922944637089037,0.5109241940785131,8056.797541343242,True,1.15,3,1.18,True,0.0029850992559504277,0.3957245194835313,2.323827270891408e-05,True
201,0.0,1.12647678486456e-05,267.28691241224254,263.24715067242596,2.789761739816562,0.48600612852857117,7663.862911177696,True,0.7999200000000001,3,1.18,True,0.0030099875826465655,0.38104220700866226,2.3208238138695814e-05,False
202,0.0,1.070152945621332e-05,268.53691241224254,264.6241447929959,2.6627676192466514,0.4623033313042404,7290.091927928568,True,0.7996800000000001,3,1.18,True,0.0030349011508152123,0.36397668098978453,2.3178242387088276e-05,False
203,0.0,1.0166452983402653e-05,269.78691241224254,265.99525130875645,2.541661103486097,0.43975653307347357,6934.549969563605,True,0.79928,3,1.18,True,0.0030598403146275136,0.3452103974480517,2.314828540391952e-05,False
204,0.0,9.65813033423252e-06,271.03691241224254,267.3607553458112,2.426157066431372,0.4183093551034787,6596.347996102103,True,0.79872,3,1.18,True,0.0030848054161701135,0.32549361102061425,2.3118367139082534e-05,False
205,0.0,9.175223817520894e-06,272.28691241224254,268.7209269726512,2.3159854395912887,0.3979081682845377,6274.64032655218,True,0.798,3,1.18,True,0.0031097967859013767,0.30561446471444365,2.3088487542535003e-05,False
206,0.0,8.716462626644849e-06,273.53691241224254,270.0760221155139,2.2108902967286226,0.37850195902931516,5968.622524268066,True,0.79712,3,1.18,True,0.0031348147430869115,0.2863675691699293,2.305864656429933e-05,False
207,0.0,8.280639495312606e-06,274.78691241224254,271.42628340728726,2.1106290049552627,0.3600422017123354,5677.529385439728,True,0.79608,3,1.18,True,0.0031598595962154833,0.2685223240798863,2.3028844154462498e-05,False
208,0.0,7.866607520546975e-06,276.03691241224254,272.7719409756896,2.0149714365529694,0.34248273733065754,5400.633025685031,True,0.79488,3,1.18,True,0.0031849316433963906,0.25279224468901684,2.2999080263176e-05,False
209,0.0,7.473277144519626e-06,277.28691241224254,274.11321317588414,1.923699236358402,0.3257796580823403,5137.2410599598625,True,0.79352,3,1.18,True,0.0032100311727392594,0.23980651622951665,2.2969354840655763e-05,False
210,0.0,7.0996132872936445e-06,278.53691241224254,275.4503072721872,1.836605140055339,0.3098911975740802,4886.694871235104,True,0.792,3,1.18,True,0.003235158462717176,0.23008491032772074,2.293966783718205e-05,False
211,0.0,6.744632622928963e-06,279.78691241224254,276.7834200730762,1.7534923391663932,0.2947776263834866,4648.367963611203,True,0.79032,3,1.18,True,0.0032603137825140418,0.22401706338549882,2.2910019203099393e-05,False
212,0.0,6.407400991782513e-06,281.03691241224254,278.1127385233049,1.6741738889376183,0.280401152714845,4421.664395752298,True,0.7884800000000001,3,1.18,True,0.0032854973923569313,0.22184694304196118,2.2880408888816524e-05,False
213,0.0,6.087030942193387e-06,282.28691241224254,279.43844025657467,1.5984721556678676,0.2667258278999535,4206.017290722675,True,0.7864800000000001,3,1.18,True,0.0033107095438342435,0.2236631219886262,2.285083684480621e-05,False
214,0.0,5.782679395083718e-06,283.53691241224254,280.76069411188706,1.52621830035546,0.25371745650774036,4000.8874184993024,True,0.7843200000000001,3,1.18,True,0.003335950480200344,0.22939524689035887,2.282130302160531e-05,False
215,0.0,5.493545425329531e-06,284.78691241224254,282.0796606164203,1.4572517958222102,0.24134351083788425,3805.761847616105,True,0.782,3,1.18,True,0.0033612204366673904,0.2388168431850629,2.2791807369814544e-05,False
216,0.0,5.218868154063054e-06,286.03691241224254,283.3954924375099,1.3914199747326297,0.22957304958463182,3620.152662568263,True,0.7795200000000001,3,1.18,True,0.0033865196406849688,0.25155434394362375,2.2762349840098527e-05,False
217,0.0,4.957924746359901e-06,287.28691241224254,284.70833480608474,1.3285776061577899,0.21837664046742625,3443.5957437694774,True,0.77688,3,1.18,True,0.0034118483122081386,0.2671019828379501,2.2732930383185616e-05,False
218,0.0,4.710028509041906e-06,288.53691241224254,286.01832591370095,1.2685864985415978,0.2077262866348839,3275.6496070113935,True,0.7740800000000001,3,1.18,True,0.003437206663954466,0.28484195748148783,2.2703548949867834e-05,False
219,0.0,4.47452708358981e-06,289.78691241224254,287.32559728512774,1.211315127114809,0.19759535665809305,3115.8942995232583,True,0.77112,3,1.18,True,0.003462594901650566,0.3040690592934543,2.2674205491000874e-05,False
220,0.0,4.250800729410319e-06,291.03691241224254,288.63027412827137,1.1566382839711775,0.18795851793817714,2963.9303498713957,True,0.768,3,1.18,True,0.003488013224268665,0.3240187879718283,2.2644899957503856e-05,False
221,0.0,4.0382606929398035e-06,292.28691241224254,289.93247566306985,1.1044367491727118,0.178791673361611,2819.3777690726574,True,0.7647200000000001,3,1.18,True,0.0035134618242536535,0.34389782973980015,2.2615632300359392e-05,False
222,0.0,3.836347658292813e-06,293.53691241224254,291.23231543085365,1.0545969813889007,0.17007190104489292,2681.8751004241644,True,0.7612800000000001,3,1.18,True,0.003538940887741092,0.3629156842941612,2.258640247061345e-05,False
223,0.0,3.644530275378173e-06,294.78691241224254,292.5299015855431,1.0070108266994444,0.16177739701790353,2551.0785156733937,True,0.7576800000000001,3,1.18,True,0.0035644505947665804,0.3803161795890292,2.255721041937524e-05,False
224,0.0,3.462303761609264e-06,296.03691241224254,293.8253371679396,0.9615752443029557,0.15388742070263017,2426.660955268553,True,0.75392,3,1.18,True,0.0035899911194668998,0.3954076180599295,2.2528056097817182e-05,False
225,0.0,3.2891885735288007e-06,297.28691241224254,295.1187203642661,0.9181920479764472,0.14638224305092512,2308.3113105394523,True,0.75,3,1.18,True,0.0036155626302733167,0.4075903524534118,2.2498939457174797e-05,False
226,0.0,3.1247291448523605e-06,298.53691241224254,296.41014475001924,0.8767676622232976,0.13924309721161496,2195.7336457638767,True,0.74592,3,1.18,True,0.0036411652900973828,0.41638069190091476,2.2469860448746645e-05,False
227,0.0,2.9684926876097425e-06,299.78691241224254,297.69969952011076,0.8372128921317614,0.1324521316036033,2088.6464581742243,True,0.7416800000000001,3,1.18,True,0.0036667992565096066,0.4214301851771429,2.2440819023894216e-05,False
228,0.0,2.8200680532292553e-06,301.03691241224254,298.98746970619976,0.7994427060428011,0.1259923652776251,1986.7819740540494,True,0.73728,3,1.18,True,0.003692464681911299,0.4225395123803144,2.2411815134041872e-05,False
229,0.0,2.6790646505677926e-06,302.28691241224254,300.2735363820467,0.7633760301958651,0.11984764545503401,1889.8854791643764,True,0.73272,3,1.18,True,0.0037181617136998893,0.41966643121682423,2.238284873067677e-05,False
230,0.0,2.545111418039403e-06,303.53691241224254,301.5579768576577,0.7289355545848601,0.11400260713744677,1797.71468182551,True,0.7280000000000001,3,1.18,True,0.0037438904944280395,0.41292746109703554,2.2353919765348737e-05,False
231,0.0,2.4178558471374326e-06,304.78691241224254,302.84086486292796,0.6960475493146043,0.10844263468624922,1710.0391070617015,True,0.7231200000000001,3,1.18,True,0.003769651161956786,0.40259323790261914,2.2325028189670257e-05,False
232,0.0,2.296963054780561e-06,306.03691241224254,304.1222707214415,0.6646416908010526,0.10315382527589087,1626.6395202937383,True,0.71808,3,1.18,True,0.003795443849603005,0.3890777246162155,2.2296173955316326e-05,False
233,0.0,2.182114902041533e-06,307.28691241224254,305.40226151503555,0.6346508972069955,0.09812295412958441,1547.3073791383629,True,0.7128800000000001,3,1.18,True,0.0038212686862814415,0.3729217079515693,2.226735701402445e-05,False
234,0.0,2.073009156939456e-06,308.53691241224254,306.6809012396933,0.6060111725492654,0.09333744145047848,1471.8443119437663,True,0.70752,3,1.18,True,0.0038471257966415165,0.35477123892141565,2.1821149020415328e-05,False
235,0.0,1.9693586990924832e-06,309.78691241224254,307.95825095328854,0.5786614589540204,0.0887853209656175,1400.061621757177,True,0.7020000000000001,3,1.18,True,0.003873015301199173,0.3353518768496562,2.073009156939456e-05,False
236,0.0,1.8708907641378592e-06,311.03691241224254,309.23436891566865,0.5525434965739108,0.08445521000402978,1331.7798144842623,True,0.69632,3,1.18,True,0.003898937316463939,0.31543976363777043,1.969358699092483e-05,False
237,0.0,1.7773462259309658e-06,312.28691241224254,310.5093107215275,0.5276016907150102,0.08033628103412468,1266.8281500604467,True,0.69048,3,1.18,True,0.003924891955061436,0.2958306814632029,1.870890764137859e-05,False
238,0.0,1.6884789146344175e-06,313.53691241224254,311.7831294264898,0.5037829857527621,0.07641823458922736,1205.04421551187,True,0.6844800000000001,3,1.18,True,0.003950879325851505,0.2773083274816357,1.7773462259309658e-05,False
239,0.0,1.6040549689026965e-06,314.78691241224254,313.05587566679753,0.48103674544498837,0.07269127351355016,1146.2735188384104,True,0.67832,3,1.18,True,0.003976899534042146,0.2606130703206626,1.6884789146344174e-05,False
240,0.0,1.5238522204575615e-06,316.03691241224254,314.32759777296604,0.45931463927650684,0.06914607846420324,1090.3691027032523,True,0.672,3,1.18,True,0.004002952681299447,0.24641243394487777,1.6040549689026965e-05,False
241,0.0,1.4476596094346834e-06,317.28691241224254,315.5983418777482,0.4385705344943407,0.06577378460798593,1037.1911769630487,True,0.6655200000000001,3,1.18,True,0.004029038865853649,0.23527448560752384,1.5238522204575614e-05,False
242,0.0,1.375276628962949e-06,318.53691241224254,316.8681520187276,0.4187603935149853,0.06256595945468896,986.6067691197887,True,0.65888,3,1.18,True,0.0040551581826015325,0.22764518882710713,1.4476596094346833e-05,False
243,0.0,1.3065127975148017e-06,319.78691241224254,318.1370702358366,0.39984217640598807,0.05951458177147939,938.4893918203343,True,0.6520800000000001,3,1.18,True,0.0040813107232052556,0.2238306242543283,1.3752766289629491e-05,False
244,0.0,1.2411871576390616e-06,321.03691241224254,319.4051366640793,0.38177574816326815,0.0566120215256426,892.7187265721908,True,0.64512,3,1.18,True,0.004107496576187788,0.22398478722726844,1.3065127975148016e-05,False
245,0.0,1.1791277997571083e-06,322.28691241224254,320.6723896217192,0.364522790523339,0.053851020805528726,849.1803228846389,True,0.638,3,1.18,True,0.0041337158270251025,0.22810344848780056,1.2411871576390614e-05,False
246,0.0,1.120171409769253e-06,323.53691241224254,321.9388656941765,0.3480467180660192,0.05122467567199525,807.7653120829309,True,0.6307200000000001,3,1.18,True,0.004159968558235206,0.2360243228130925,1.1791277997571082e-05,False
247,0.0,1.0641628392807903e-06,324.78691241224254,323.20459981386415,0.3323125983783998,0.04872641889496516,768.3701350799288,True,0.6232800000000001,3,1.18,True,0.0041862548494641955,0.24743353883939895,1.1201714097692528e-05,False
248,0.0,1.0109546973167508e-06,326.03691241224254,324.4696253361776,0.3172870760649408,0.046350003531932964,730.8962834244774,True,0.6156800000000001,3,1.18,True,0.0042125747775693945,0.2618781521466892,1.0641628392807902e-05,False
249,0.0,9.604069624509131e-07,327.28691241224254,325.7339741118409,0.30293830040163794,0.04408948730735644,695.2500529789944,True,0.60792,3,1.18,True,0.004238928416699741,0.2787842027469194,1.0109546973167506e-05,False
250,0.0,9.123866143283674e-07,328.53691241224254,326.9976765557982,0.28923585644434574,0.04193921775387453,661.3423096103465,True,0.6000000000000001,3,1.18,True,0.004265315838373491,0.29747959708086996,9.60406962450913e-06,False
251,0.0,8.66767283611949e-07,329.78691241224254,328.2607617128299,0.2761506994126305,0.039893818078196155,629.0882663081179,True,0.59192,3,1.18,True,0.004291737111553364,0.3172209022905616,9.123866143283674e-06,False
252,0.0,8.234289194313515e-07,331.03691241224254,329.52325732006153,0.26365509218102323,0.03794817371631831,598.4072711729423,True,0.5836800000000001,3,1.18,True,0.004318192302719232,0.33722298456414773,8.66767283611949e-06,False
253,0.0,7.822574734597839e-07,332.28691241224254,330.7851898665232,0.25172254571933217,0.03609741954445321,569.2226057447747,True,0.57528,3,1.18,True,0.004344681475938414,0.35669030996602064,8.234289194313515e-06,False
254,0.0,7.431445997867946e-07,333.53691241224254,332.0465846499098,0.2403277623327692,0.034336927713686335,541.4612931667981,True,0.56672,3,1.18,True,0.004371204692933723,0.3748486598868074,7.822574734597839e-06,False
255,0.0,7.059873697974549e-07,334.78691241224254,333.3074658306814,0.22944658156116696,0.032662296077945,515.053915705295,True,0.558,3,1.18,True,0.004397762013149288,0.3909759967183445,7.431445997867946e-06,False
256,0.0,6.706880013075821e-07,336.03691241224254,334.5678564836381,0.21905592860447953,0.031069337186341424,489.934441169175,True,0.5491199999999999,3,1.18,True,0.0044243534938142835,0.4044312492365914,7.059873697974548e-06,False
257,0.0,6.37153601242203e-07,337.28691241224254,335.82777864709334,0.20913376514918436,0.029554067812365782,466.04005779512136,True,0.54008,3,1.18,True,0.004450979190004622,0.4146798701100888,6.706880013075821e-06,False
258,0.0,6.052959211800928e-07,338.53691241224254,337.0872533697654,0.19965904247713395,0.0281126989937462,443.3110171854867,True,0.53088,3,1.18,True,0.0044776391547026815,0.42131514663676745,6.37153601242203e-06,False
259,0.0,5.750311251210882e-07,339.78691241224254,338.3463007554977,0.19061165674489033,0.0267416265580707,421.6904849061929,True,0.5215200000000001,3,1.18,True,0.004504333438855159,0.4240744151172776,6.052959211800928e-06,False
260,0.0,5.462795688650337e-07,341.03691241224254,339.6049400059149,0.18197240632765574,0.025437422110479918,401.12439837106047,True,0.512,3,1.18,True,0.004531062091429099,0.42284953244894413,5.750311251210882e-06,False
261,0.0,5.18965590421782e-07,342.28691241224254,340.8631894611149,0.1737229511276052,0.024196824460895182,381.56133165719876,True,0.50232,3,1.18,True,0.004557825159466175,0.41769118747094675,5.462795688650337e-06,False
262,0.0,4.930173109006929e-07,343.53691241224254,342.1210666384908,0.1658457737517694,0.02301673146934569,362.9523669134277,True,0.49248,3,1.18,True,0.0045846226881352935,0.4088068801810003,5.189655904217819e-06,False
263,0.0,4.683664453556582e-07,344.78691241224254,343.37858826977293,0.15832414246963125,0.02189419228900356,345.25097204018533,True,0.48248,3,1.18,True,0.0046114547207835544,0.3965526493857916,4.930173109006928e-06,False
264,0.0,4.4494812308787527e-07,346.03691241224254,344.6357703363772,0.15114207586530706,0.0208263999875307,328.4128843350534,True,0.4723200000000001,3,1.18,True,0.004638321298985664,0.3814188785776451,4.683664453556581e-06,False
265,0.0,4.227007169334815e-07,347.28691241224254,345.8926281031389,0.14428430910361562,0.01981068452828668,312.39599981296044,True,0.46199999999999997,3,1.18,True,0.004665222462591823,0.36401074591233296,4.449481230878752e-06,False
266,0.0,4.0156568108680745e-07,348.53691241224254,347.14917615050905,0.1377362617334987,0.018844506093847194,297.1602679243002,True,0.45152000000000003,3,1.18,True,0.0046921582497741615,0.34502409768571024,4.227007169334815e-06,False
267,0.0,3.8148739703246703e-07,349.78691241224254,348.4054284052864,0.13148400695618026,0.017925448735138336,282.6675914077079,True,0.44087999999999994,3,1.18,True,0.004719128697071775,0.3252177071575447,4.015656810868074e-06,False
268,0.0,3.6241302718084365e-07,351.03691241224254,349.6613981699534,0.12551424228914373,0.01705121433030617,268.88173102707503,True,0.4300799999999999,3,1.18,True,0.00474613383943439,0.30538302467568074,3.81487397032467e-06,False
269,0.0,3.4429237582180143e-07,352.28691241224254,350.9170981506821,0.11981426156048601,0.016219616838215774,255.76821495459257,True,0.41912000000000005,3,1.18,True,0.004773173710264734,0.2863126250676367,3.624130271808436e-06,False
270,0.0,3.2707775703071135e-07,353.53691241224254,352.1725404840711,0.11437192817149258,0.015428576832210373,243.2942525732366,True,0.40800000000000003,3,1.18,True,0.0048002483414596306,0.2687686102025708,3.442923758218014e-06,False
271,0.0,3.1072386917917576e-07,354.78691241224254,353.42773676267416,0.10917564956837288,0.014676116300462186,231.4286524831556,True,0.39672,3,1.18,True,0.004827357763449883,0.2534522264137461,3.2707775703071132e-06,False
272,0.0,2.9518767572021694e-07,356.03691241224254,354.6826980593755,0.10421435286702195,0.013960353699913183,220.14174450693278,True,0.38528000000000007,3,1.18,True,0.004854502005238974,0.24097590803900282,3.1072386917917576e-06,False
273,0.0,2.804282919342061e-07,357.28691241224254,355.9374349506651,0.09947746157743786,0.013279499251437876,209.40530549869771,True,0.37368000000000007,3,1.18,True,0.0048816810944406295,0.23183886161504583,2.9518767572021693e-06,False
274,0.0,2.664068773374958e-07,358.53691241224254,357.1919575388655,0.09495487337703504,0.012631850464463804,199.19248877156812,True,0.36192,3,1.18,True,0.004908895057315285,0.22640716410668135,2.804282919342061e-06,False
275,0.0,2.53086533470621e-07,359.78691241224254,358.44627547335796,0.09063693888456742,0.012015787879858826,189.47775696695706,True,0.35000000000000003,3,1.18,True,0.004936143918805486,0.2248991685918035,2.664068773374958e-06,False
276,0.0,2.404322067970899e-07,361.03691241224254,359.7003979708538,0.08651444138871062,0.011429771020440212,180.2368181978824,True,0.33792,3,1.18,True,0.004963427702570266,0.22737679923141108,2.53086533470621e-06,False
277,0.0,2.284105964572354e-07,362.28691241224254,360.95433383475495,0.08257857748756706,0.010872334538979763,171.4465653066032,True,0.32568,3,1.18,True,0.004990746431018529,0.2337430825667382,2.404322067970899e-06,False
278,0.0,2.1699006663437364e-07,363.53691241224254,362.2080914736451,0.07882093859745462,0.010342084554072862,163.08501808469643,True,0.31328,3,1.18,True,0.0050181001253414735,0.24374601356288877,2.284105964572354e-06,False
279,0.0,2.0614056330265498e-07,364.78691241224254,363.46167891895124,0.07523349329132571,0.009837695164709365,155.13126831109292,True,0.30071999999999993,3,1.18,True,0.005045488805544098,0.2569886022720228,2.1699006663437364e-06,False
280,0.0,1.958335351375222e-07,366.03691241224254,364.7151038418135,0.07180857042904827,0.009357905134830811,147.56542747064046,True,0.2879999999999999,3,1.18,True,0.005072912490475792,0.27294470058733106,2.0614056330265497e-06,False
281,0.0,1.8604185838064608e-07,367.28691241224254,365.968373569199,0.06853884304356544,0.008901514739583704,140.36857702246215,True,0.2751199999999999,3,1.18,True,0.0051003711978600775,0.2909799781250751,1.9583353513752216e-06,False
282,0.0,1.7673976546161377e-07,368.53691241224254,367.2214950992939,0.06541731294864715,0.008467382765382838,133.52272109375554,True,0.2620800000000001,3,1.18,True,0.005127864944323502,0.3103772109924571,1.8604185838064607e-06,False
283,0.0,1.6790277718853307e-07,369.78691241224254,368.474475116207,0.06243729603555496,0.008054423656283189,127.01074148074257,True,0.24888000000000005,3,1.18,True,0.005155393745423722,0.330364875257961,1.7673976546161377e-06,False
284,0.0,1.595076383291064e-07,371.03691241224254,369.7273200040151,0.059592408227469834,0.007661604799524958,120.81635484424783,True,0.2355200000000001,3,1.18,True,0.005182957615676805,0.3501479051927348,1.6790277718853307e-06,False
285,0.0,1.5153225641265106e-07,372.28691241224254,370.9800358601806,0.05687655206198411,0.007287943943464113,114.92407199287436,True,0.2220000000000001,3,1.18,True,0.005210556568583759,0.3689393900489837,1.595076383291064e-06,False
286,0.0,1.439556435920185e-07,373.53691241224254,372.2326285083692,0.05428390387333823,0.006932506741431902,109.31915915196168,True,0.20832000000000006,3,1.18,True,0.005238190616656346,0.38599194572486617,1.5153225641265105e-06,False
287,0.0,1.3675786141241757e-07,374.78691241224254,373.4851035106951,0.05180890154739276,0.006594404415381808,103.98760112147853,True,0.19448,3,1.18,True,0.0052658597714421666,0.400627510626594,1.439556435920185e-06,False
288,0.0,1.299199683417967e-07,376.03691241224254,374.73746617941896,0.04944623282357494,0.006272791533481714,98.91606623072711,True,0.18048000000000003,3,1.18,True,0.00529356404354906,0.4122643778607578,1.3675786141241756e-06,False
289,0.0,1.2342396992470685e-07,377.28691241224254,375.9897215881233,0.04719082411922206,0.0059668638960942155,94.09187300222571,True,0.16632,3,1.18,True,0.005321303442668836,0.4204403860686703,1.299199683417967e-06,False
290,0.0,1.172527714284715e-07,378.53691241224254,377.24187458238964,0.0450378298528748,0.00567585652485887,89.50295844141323,True,0.15199999999999997,3,1.18,True,0.005349077977600362,0.4248313443573433,1.2342396992470684e-06,False
291,0.0,1.1139013285704792e-07,379.78691241224254,378.4939297899984,0.04298262224414515,0.005399041749848048,85.13784787288303,True,0.13751999999999995,3,1.18,True,0.005376887656272024,0.42526395678325446,1.1725277142847148e-06,False
292,0.0,1.0582062621419552e-07,381.03691241224254,379.7458916306737,0.041020781568806695,0.005135727390013317,80.9856262477207,True,0.12287999999999998,3,1.18,True,0.005404732485763572,0.42172273113051445,1.113901328570479e-06,False
293,0.0,1.0052959490348574e-07,382.28691241224254,380.9977643253938,0.03914808684872797,0.004885255022372451,77.03591085019976,True,0.10807999999999991,3,1.18,True,0.005432612472327388,0.41435059655225837,1.058206262141955e-06,False
294,0.0,9.550311515831144e-08,383.53691241224254,382.24955190528533,0.03736050695719586,0.004646998335609222,73.27882533558676,True,0.09312000000000005,3,1.18,True,0.005460527621409176,0.40344320545184553,1.0052959490348575e-06,False
295,0.0,9.072795940039588e-08,384.78691241224254,383.5012582201215,0.035654192121060024,0.004420361563969056,69.70497503413833,True,0.07800000000000003,3,1.18,True,0.005488477937668098,0.3894371467698903,9.550311515831142e-07,False
296,0.0,8.619156143037608e-08,386.03691241224254,384.7528869464406,0.034025465801969454,0.004204777997534492,66.30542345953583,True,0.06272000000000003,3,1.18,True,0.005516463424996391,0.37289254057616655,9.072795940039587e-07,False
297,0.0,8.188198335885727e-08,387.28691241224254,386.00444159530275,0.032470816939774466,0.003999708565155377,63.071669963017385,True,0.04728000000000004,3,1.18,True,0.0055444840865384315,0.35447070786509577,8.619156143037608e-07,False
298,0.0,7.778788419091441e-08,388.53691241224254,387.2559255197006,0.03098689254193191,0.0038046404864903343,59.99562847733065,True,0.03168000000000006,3,1.18,True,0.005572539924709338,0.33490780578959467,8.188198335885726e-07,False
299,0.0,7.389848998136868e-08,389.78691241224254,388.50734192163907,0.029570490603479105,0.003619085989788975,57.06960729735501,True,0.015920000000000024,3,1.18,True,0.005600630941213039,0.31498547941331506,7.778788419091441e-07,False
300,0.0,7.020356548230025e-08,391.03691241224254,389.75869385889973,0.028218553342837745,0.004131097310650307,54.28628984683463,True,0.6,4,1.18,True,0.005628757137059906,0.2954997000033115,7.389848998136868e-07,True
301,0.0,6.669338720818524e-08,392.28691241224254,391.00459750669694,0.032314905545593964,0.0040205054683728906,61.9664596597546,True,1.32,4,1.18,True,0.005656918512583912,0.2772290321820538,7.020356548230025e-07,False
302,0.0,6.335871784777598e-08,393.53691241224254,392.2553622363293,0.03155017591323013,0.0038364198193598723,60.30758202559336,True,1.44,4,1.18,True,0.005685115067459332,0.2609035950273181,6.669338720818524e-07,False
303,0.0,6.019078195538717e-08,394.78691241224254,393.5067111628004,0.030201249442156814,0.003650898991605317,57.54629729039808,True,1.56,4,1.18,True,0.005713346800717028,0.24717595454293873,6.335871784777598e-07,False
304,0.0,5.7181242857617814e-08,396.03691241224254,394.75808060633346,0.02883180590905264,0.0034730515862659525,54.76348487407976,True,1.68,4,1.18,True,0.005741613710760309,0.23659510792576677,6.019078195538717e-07,False
305,0.0,5.4322180714736915e-08,397.28691241224254,396.0093985018436,0.02751391039897196,0.0033036964622144274,52.09577379398929,True,1.7999999999999998,4,1.18,True,0.005769915795380377,0.2295845967940202,5.718124285761781e-07,False
306,0.0,5.160607167900008e-08,398.53691241224254,397.26065776803335,0.026254644209167906,0.0031425769347094928,49.5554469332164,True,1.92,4,1.18,True,0.005798253051771382,0.2264256219335335,5.432218071473691e-07,False
307,0.0,4.9025768095050064e-08,399.78691241224254,398.5118598175857,0.02505259465684718,0.0029893121374952986,47.138654020642385,True,2.04,4,1.18,True,0.005826625476545093,0.22724583272370175,5.160607167900008e-07,False
308,0.0,4.657447969029756e-08,401.03691241224254,399.7630070818241,0.023905330418432263,0.0028435217349581762,44.839682062429475,True,2.16,4,1.18,True,0.005855033065745197,0.23201423817332312,4.902576809505006e-07,False
309,0.0,4.424575570578268e-08,402.28691241224254,401.01410202561175,0.02281038663080298,0.002704841558806342,42.652826024372644,True,2.28,4,1.18,True,0.005883475814861226,0.240542442447289,4.657447969029756e-07,False
310,0.0,4.2033467920493544e-08,403.53691241224254,402.26514702146073,0.021765390781806924,0.00257292488703819,40.57262338209513,True,1.2,4,1.18,True,0.005911953718842148,0.25249215562756616,4.424575570578268e-07,False
311,0.0,3.993179452446886e-08,404.78691241224254,403.516144337212,0.02076807503053528,0.0024474418659811625,38.59387330557285,True,1.17,4,1.18,True,0.005940466772109599,0.26738868027814267,4.203346792049354e-07,False
312,0.0,3.793520479824542e-08,406.03691241224254,404.7670961385589,0.019816273683671504,0.002328078723637072,36.711627989717435,True,1.1400000000000001,4,1.18,True,0.0059690149685707955,0.2846398361471416,3.993179452446886e-07,False
313,0.0,3.6038444558333147e-08,407.28691241224254,406.0180044933504,0.01890791889214868,0.0022145369901247,34.92118085455608,True,1.11,4,1.18,True,0.00599759830163112,0.3035595685379624,3.7935204798245417e-07,False
314,0.0,3.4236522330416486e-08,408.53691241224254,407.2688713759528,0.01804103628972199,0.0021065327520144797,33.2180548518705,True,1.08,4,1.18,True,0.006026216764206388,0.3233952991581897,3.6038444558333145e-07,False
315,0.0,3.252469621389566e-08,409.78691241224254,408.519698671449,0.017213740793503508,0.0020037959424848545,31.597991280217194,True,1.05,4,1.18,True,0.006054870348734819,0.34335792905422896,3.423652233041648e-07,False
316,0.0,3.089846140320088e-08,411.03691241224254,409.77048817965454,0.01642423258803188,0.0019060696660262004,30.056939137272813,True,1.02,4,1.18,True,0.006083559047188705,0.36265329750936104,3.252469621389566e-07,False
317,0.0,2.9353538333040832e-08,412.28691241224254,411.02124161895404,0.015670793288507366,0.001813109556069861,28.591044990393005,True,0.9899999999999999,4,1.18,True,0.0061122828510857905,0.38051384273820715,3.0898461403200875e-07,False
318,0.0,2.7885861416388792e-08,413.53691241224254,412.2719606299668,0.014951782275709714,0.0017246831639446919,27.196643341047917,True,0.96,4,1.18,True,0.006141041751500381,0.3962292021656444,2.935353833304083e-07,False
319,0.0,2.649156834556935e-08,414.78691241224254,413.52264677904753,0.014265633195011033,0.0016405693776344117,25.870247459170375,True,0.9299999999999999,4,1.18,True,0.006169835739074166,0.40917453235360973,2.788586141638879e-07,False
320,0.0,2.516698992829088e-08,416.03691241224254,414.7733015616304,0.013610850612176937,0.0015605578688824486,24.608540664516177,True,0.8999999999999999,4,1.18,True,0.0061986648040267866,0.4188354195496765,2.649156834556935e-07,False
321,0.0,2.3908640431876335e-08,417.28691241224254,416.0239264054236,0.012986006818965995,0.0014844485672617942,23.40836803323673,True,0.8700000000000001,4,1.18,True,0.006227528936166149,0.42482838775245435,2.5166989928290877e-07,False
322,0.0,2.2713208410282517e-08,418.53691241224254,417.2745226734607,0.012389738781848198,0.0014120511598947959,22.26672850892691,True,0.84,4,1.18,True,0.006256428124898474,0.4269161867019502,2.390864043187633e-07,False
323,0.0,2.157754798976839e-08,419.78691241224254,418.5250916670151,0.011820745227460338,0.0013431846155718674,21.180767398421935,True,0.81,4,1.18,True,0.006285362359238117,0.42501725031097026,2.2713208410282515e-07,False
324,0.0,2.0498670590279967e-08,421.03691241224254,419.77563462838384,0.011277783858699621,0.001277676732079237,20.14776923357801,True,0.7800000000000001,4,1.18,True,0.006314331627817138,0.4192089484597452,2.1577547989768388e-07,False
325,0.0,1.9473737060765967e-08,422.28691241224254,421.0261527435469,0.010759668695628985,0.0012153637056037541,19.165150981188557,True,0.75,4,1.18,True,0.0063433359188946594,0.40972450251499026,2.0498670590279966e-07,False
326,0.0,1.8500050207727667e-08,423.53691241224254,422.27664714470694,0.010265267535625778,0.0011560897211380778,18.230455584056312,True,0.7200000000000001,4,1.18,True,0.006372375220365979,0.3969436875419281,1.9473737060765966e-07,False
327,0.0,1.7575047697341283e-08,424.78691241224254,423.5271189127151,0.009793499527453923,0.0010997065628620514,17.341345817071165,True,0.69,4,1.18,True,0.006401449519771478,0.3813776918827334,1.8500050207727667e-07,False
328,0.0,1.6696295312474217e-08,426.03691241224254,424.77756907938834,0.009343332854175948,0.0010460732435259787,16.49559844293077,True,0.66,4,1.18,True,0.0064305588043053145,0.36364873770223516,1.7575047697341283e-07,False
329,0.0,1.5861480546850506e-08,427.28691241224254,426.0279986297225,0.008913782520046999,0.0009950556519091104,15.69109865288968,True,0.6300000000000001,4,1.18,True,0.006459703060823904,0.34446527496540735,1.6696295312474217e-07,False
330,0.0,1.5068406519507978e-08,428.53691241224254,427.27840850400577,0.008503908236749614,0.0009465262174717708,14.925834778636654,True,0.6,4,1.18,True,0.00648888227585421,0.32459373778448075,1.5861480546850504e-07,False
331,0.0,1.431498619353258e-08,429.78691241224254,428.528799599838,0.008112812404533747,0.0009003635913625895,14.197893262076562,True,0.5700000000000001,4,1.18,True,0.006518096435601823,0.30482798912100756,1.5068406519507976e-07,False
332,0.0,1.359923688385595e-08,431.03691241224254,429.7791727740585,0.007739638184024069,0.0008564523429832087,13.505453870438842,True,0.54,4,1.18,True,0.00654734552595887,0.28595767198616096,1.431498619353258e-07,False
333,0.0,1.291927503966315e-08,432.28691241224254,431.0295288445879,0.0073835676546451364,0.0008146826713516825,12.84678514474813,True,0.51,4,1.18,True,0.006576629532511716,0.2687367288770586,1.359923688385595e-07,False
334,0.0,1.227331128767999e-08,433.53691241224254,432.27986859218674,0.007043820055794511,0.0007749501305428679,12.220240070275239,True,0.48,4,1.18,True,0.0066059484405485,0.25385334447983765,1.291927503966315e-07,False
335,0.0,1.1659645723295991e-08,434.78691241224254,433.53019276213547,0.006719650107066769,0.0007371553685192341,11.624251958143017,True,0.4500000000000001,4,1.18,True,0.006635302235066488,0.24190250992905246,1.2273311287679988e-07,False
336,0.0,1.107666343713119e-08,436.03691241224254,434.78050206583856,0.006410346403995021,0.0007012038786990412,11.057330527788512,True,0.42,4,1.18,True,0.0066646909007792585,0.23336230239981204,1.165964572329599e-07,False
337,0.0,1.052283026527463e-08,437.28691241224254,436.0307971823566,0.006115229885934129,0.0006670057636406926,10.51805818048562,True,0.38999999999999996,4,1.18,True,0.0066941144221237155,0.22857482569044374,1.107666343713119e-07,False
338,0.0,9.996688752010899e-09,438.53691241224254,437.2810787598697,0.005833652372859959,0.000634475510252323,10.005086454610389,True,0.35999999999999993,4,1.18,True,0.0067235727832669475,0.22773257163452426,1.0522830265274629e-07,False
339,0.0,9.496854314410354e-09,439.78691241224254,438.5313474170745,0.005564995168002156,0.0006035317759645553,9.517132653784845,True,0.3299999999999999,4,1.18,True,0.006753065968112914,0.2308707460697348,9.996688752010899e-08,False
340,0.0,9.022011598689835e-09,441.03691241224254,439.7816037445192,0.005308667723365537,0.0005740971853317279,9.05297663946833,True,0.2999999999999999,4,1.18,True,0.006782593960309,0.23786586530294954,9.496854314410354e-08,False
341,0.0,8.570911018755344e-09,442.28691241224254,441.0318483058772,0.0050641063653258135,0.000546098136552995,8.611457779975918,True,0.27000000000000024,4,1.18,True,0.006812156743252388,0.24844067902606193,9.022011598689835e-08,False
342,0.0,8.142365467817576e-09,443.53691241224254,442.2820816391649,0.004830773077610857,0.0005194646174295127,8.191472048294925,True,0.2400000000000002,4,1.18,True,0.006841754300096316,0.2621752234214352,8.570911018755343e-08,False
343,0.0,7.735247194426696e-09,444.78691241224254,443.53230425790343,0.0046081543390983975,0.0004941300302974897,7.791969261442689,True,0.2100000000000002,4,1.18,True,0.006871386613756175,0.27852356380454024,8.142365467817576e-08,False
344,0.0,7.348484834705361e-09,446.03691241224254,444.7825166522286,0.004395760013975211,0.0004700310254993552,7.411950454462346,True,0.18000000000000016,4,1.18,True,0.006901053666915462,0.29683555932745603,7.735247194426695e-08,False
345,0.0,6.981060592970092e-09,447.28691241224254,446.03271928995065,0.004193122291912395,0.0004471073429766388,7.050465382490327,True,0.15000000000000013,4,1.18,True,0.00693075544203162,0.31638278205319137,7.348484834705361e-08,False
346,0.0,6.632007563321588e-09,448.53691241224254,447.2829126175665,0.0039997946760157495,0.0004253016615884473,6.706610144649582,True,0.1200000000000001,4,1.18,True,0.006960491921341713,0.336387557089112,6.981060592970091e-08,False
347,0.0,6.300407185155508e-09,449.78691241224254,448.53309706122616,0.003815351016409913,0.00040455945577877494,6.379524923826708,True,0.09000000000000008,4,1.18,True,0.006990263086868005,0.3560539660410192,6.632007563321587e-08,False
348,0.0,5.985386825897733e-09,451.03691241224254,449.7832730276551,0.003639384587410649,0.00038482885923422574,6.068391836681624,True,0.06000000000000005,4,1.18,True,0.007020068920423393,0.3745995777779849,6.300407185155508e-08,False
349,0.0,5.686117484602846e-09,452.28691241224254,451.03344090503623,0.003471507206330516,0.00036606053519122486,5.772432888513386,True,0.030000000000000027,4,1.18,True,0.007049909403616717,0.3912866415024888,5.985386825897733e-08,False
350,0.0,5.401811610372703e-09,453.53691241224254,452.2836010638505,0.0033113483920504737,0.00023213836871228632,5.4909080278683735,True,0.03,5,1.18,True,0.007079784517857966,0.40545149855659346,5.686117484602846e-08,True
351,0.0,5.131721029854068e-09,454.78691241224254,453.534806721422,0.002105690820545306,0.00021060275918721797,3.4820755306842948,True,0.08633611076961444,5,1.18,True,0.007109694244363348,0.4165310404082413,5.401811610372703e-08,False
352,0.0,4.8751349783613645e-09,456.03691241224254,454.78499680449903,0.0019156077435388938,0.00019943270214173317,3.1590413878082697,True,0.11138779426058187,5,1.18,True,0.007139638564160255,0.42408515802127894,5.1317210298540676e-08,False
353,0.0,4.631378229443296e-09,457.28691241224254,456.03509342062983,0.0018189916126955534,0.0001896271570448211,2.9914905321259977,True,0.1352176927304688,5,1.18,True,0.007169617458092128,0.42781428762365115,4.8751349783613645e-08,False
354,0.0,4.399809317971131e-09,458.53691241224254,457.28517811545595,0.0017342967865792089,0.00018037197128630266,2.8444073556723164,True,0.1578853933378898,5,1.18,True,0.007199630906823189,0.42757135337936225,4.631378229443296e-08,False
355,0.0,4.179818852072574e-09,459.78691241224254,458.5352582531884,0.001654159054183089,0.00017157451432276344,2.70557956929454,True,0.17944757714144136,5,1.18,True,0.0072296788908430875,0.4233676308475626,4.399809317971131e-08,False
356,0.0,3.970827909468945e-09,461.03691241224254,459.7853346443835,0.001577767859019576,0.00016320667300868404,2.573617714841451,True,0.19995816083187237,5,1.18,True,0.00725976139047144,0.4153722974711483,4.1798188520725735e-08,False
357,0.0,3.772286513995497e-09,462.28691241224254,461.0354075139499,0.0015048982926521414,0.00015524698527104538,2.4481000951302603,True,0.21946843155189474,5,1.18,True,0.007289878385862264,0.40390568801547794,3.970827909468945e-08,False
358,0.0,3.583672188295723e-09,463.53691241224254,462.28547702811096,0.0014353841315981662,0.0001476755003925165,2.328704779065681,True,0.23802717514075478,5,1.18,True,0.0073200298570083085,0.38942652384157994,3.772286513995497e-08,False
359,0.0,3.4044885788809363e-09,464.78691241224254,463.5355433412238,0.0013690710187299886,0.00014047328155183418,2.215132505887748,True,0.2556807981242424,5,1.18,True,0.007350215783745317,0.3725136251424295,3.583672188295723e-08,False
360,0.0,3.234264149936889e-09,466.03691241224254,464.7856066002148,0.0013058120277628844,0.00013362231908551782,2.1070992232775128,True,0.27247344375517796,5,1.18,True,0.007380436145756149,0.35384283521771903,3.404488578880936e-08,False
361,0.0,3.0725509424400452e-09,467.28691241224254,466.03566694526114,0.001245466981428884,0.00012710548198833197,2.0043347862827674,True,0.28844710239453725,5,1.18,True,0.0074106909225748595,0.334160076743484,3.234264149936889e-08,False
362,0.0,2.9189233953180423e-09,468.53691241224254,467.28572451012855,0.001187902114023489,0.00012090647477184797,1.9065822298249795,True,0.3036417165092257,5,1.18,True,0.007440980093590664,0.31425161419806746,3.072550942440045e-08,False
363,0.0,2.77297722555214e-09,469.78691241224254,468.5357794224656,0.001132989776895001,0.00011500979669039784,1.8135971215777196,True,0.31809528054905134,5,1.18,True,0.007471303638051805,0.29491270798767366,2.9189233953180422e-08,False
364,0.0,2.6343283642745332e-09,471.03691241224254,469.7858318040828,0.0010806081597130727,0.00010940070297877765,1.7251469503559675,True,0.3318439359526389,5,1.18,True,0.007501661535069373,0.27691590993260395,2.77297722555214e-08,False
365,0.0,2.5026119460608064e-09,472.28691241224254,471.035881771218,0.0010306410245796754,0.0001040651679824516,1.6410105446816645,True,0.34492206151985205,5,1.18,True,0.007532053763620999,0.2609802640730834,2.634328364274533e-08,False
366,0.0,2.3774813487577658e-09,473.53691241224254,472.2859294347903,0.0009829774522075528,9.898985008609407e-05,1.560977519736774,True,0.35736235937670036,5,1.18,True,0.0075624803025545004,0.24774264066137508,2.5026119460608063e-08,False
367,0.0,2.2586072813198773e-09,474.78691241224254,473.53597490064294,0.0009375115996050299,9.416205835260485e-05,1.4848477512914109,True,0.36919593674768764,5,1.18,True,0.007592941130591434,0.23773234616343358,2.3774813487577658e-08,False
368,0.0,2.1456769172538835e-09,476.03691241224254,474.7860182697738,0.0008941424687470595,8.956972078915888e-05,1.4124308752890729,True,0.38045238374007645,5,1.18,True,0.007623436226330565,0.23135002148922626,2.2586072813198773e-08,False
369,0.0,2.0383930713911894e-09,477.28691241224254,476.0360596385568,0.0008527736857370035,8.520135416093863e-05,1.343545811837383,True,0.3911598473345693,5,1.18,True,0.00765396556825128,0.22885166971268395,2.1456769172538835e-08,False
370,0.0,1.9364734178216297e-09,478.53691241224254,477.28609909895255,0.0008133132899860107,8.10460352770698e-05,1.2780203124140794,True,0.40134510176742116,5,1.18,True,0.007684529134716903,0.2303384500456822,2.0383930713911893e-08,False
371,0.0,1.839649746930548e-09,479.78691241224254,478.53613673870956,0.0007756735329580792,7.709337367695628e-05,1.215690529156047,True,0.41103361547997613,5,1.18,True,0.007715126903977966,0.235752644948109,1.9364734178216297e-08,False
372,0.0,1.7476672595840204e-09,481.03691241224254,479.7861726415565,0.0007397706860490989,7.333348564871997e-05,1.1564006051543443,True,0.4202496148030371,5,1.18,True,0.00774575885417538,0.24487996115260718,1.839649746930548e-08,False
373,0.0,1.6602838966048194e-09,482.28691241224254,481.03620688738533,0.0007055248571876046,6.975696951477521e-05,1.1000022847307995,True,0.4290161445353113,5,1.18,True,0.007776424963343563,0.25735807286940454,1.7476672595840204e-08,False
374,0.0,1.5772697017745785e-09,483.53691241224254,482.28623955242676,0.0006728598157634002,6.635488212273972e-05,1.046354542721628,True,0.43735512556741096,5,1.18,True,0.007807125209413494,0.2726910665806089,1.660283896604819e-08,False
375,1267.0848793192595,1.777837859645532,484.78691241224254,483.536270709417,0.0006417028255079247,5.7380651348089515e-05,0.9953232318410956,False,0.4452874096954973,5,1.18,True,0.00783785957021568,0.2902692115556125,1.5772697017745785e-08,False
376,1268.7201570334028,2.309421798840205,486.03691241224254,484.78635606287037,0.0005563493721693416,-0.10661614836995081,2.7231554404324756e-05,False,0.4528328317616332,5,1.18,True,0.4550192777671683,0.3093932678995296,17.77837859645532,False
377,1270.3556277502921,2.543488557080665,487.28691241224254,487.06780459588265,-1.0308921836401088,-0.14704748278438415,0.0,False,0.4600102592512186,5,1.18,True,0.6644805348966215,0.3293023630495051,23.09421798840205,False
378,1272.0131180215833,2.633382799433867,488.53691241224254,488.70953900654075,-1.4226265942982153,-0.16432829295593418,0.0,False,0.4668376394715325,5,1.18,True,0.7440149080040759,0.3492043253709436,25.43488557080665,False
379,1273.6953123577887,2.6675814008083116,489.78691241224254,490.12943631279245,-1.592523900549887,-0.1711065981637438,0.0,False,0.47333204442934923,5,1.18,True,0.7747003590956661,0.3683072655489026,26.33382799433867,False
380,1275.4012993649349,2.681840409017331,491.03691241224254,491.44880978014623,-1.6618973679036835,-0.17370285791042508,0.0,False,0.47950971351984784,5,1.18,True,0.7880712721893892,0.3858511467242449,26.675814008083115,False
381,1277.129903881465,2.689146789122919,492.28691241224254,492.72811438198056,-1.6912019697379912,-0.17476807702418903,0.0,False,0.4853860941335587,5,1.18,True,0.795420480993079,0.40113808477282814,26.818404090173306,False
382,1278.8800662714013,2.6940574341282484,493.53691241224254,493.9927270555235,-1.7058146432809644,-0.17529355874064614,0.0,False,0.4909758802828861,5,1.18,True,0.8006933494123407,0.41356017075124346,26.89146789122919,False
383,1280.6508250859501,2.6981540550831253,494.78691241224254,495.25215569224196,-1.7152432799993982,-0.17563202560326802,0.0,False,0.49629304934479274,5,1.18,True,0.8052583037725611,0.42262370631597346,26.94057434128248,False
384,1282.4412860871623,2.7019841373549083,496.03691241224254,496.50979132991256,-1.722878917670001,-0.17590660255351548,0.0,False,0.5013508970115234,5,1.18,True,0.8095892600526842,0.42796888592629323,26.98154055083125,False
385,1284.2506064711786,2.705737174907634,497.28691241224254,497.76682065820023,-1.7299082459576802,-0.17615999296549348,0.0,False,0.5061620705367595,5,1.18,True,0.8138504300023016,0.42938414116359597,27.01984137354908,False
386,1286.0779874543414,2.7094788106912686,498.53691241224254,499.0236563520788,-1.7367439398362317,-0.17640698679611513,0.0,False,0.5107386003603432,5,1.18,True,0.8180987931708094,0.42681457530439826,27.057371749076342,False
387,1287.9226703160173,2.713231808182103,499.78691241224254,500.28044176477465,-1.7435293525321112,-0.17665270967059507,0.0,False,0.515091930190641,5,1.18,True,0.8223541661881136,0.4203641518872149,27.094788106912684,False
388,1289.783933797925,2.7170040677800076,501.03691241224254,501.5372267702472,-1.7503143580046172,-0.1768989411113437,0.0,False,0.5192329456197771,5,1.18,True,0.8266234702334537,0.4102915500220521,27.13231808182103,False
389,1291.6610920560963,2.720798331296564,502.28691241224254,502.7940287961251,-1.7571163838825445,-0.17714630098927536,0.0,False,0.5231720013432827,5,1.18,True,0.8309091456853129,0.3969998516782476,27.170040677800074,False
390,1293.5534928668258,2.7246155478518808,503.53691241224254,504.05085399727807,-1.763941585035548,-0.17739500671791567,0.0,False,0.5269189470522291,5,1.18,True,0.8352120737428328,0.3810204720859508,27.207983312965638,False
391,1295.460515975406,2.7284560429027067,504.78691241224254,505.307704606782,-1.7707921945394478,-0.17764513579102859,0.0,False,0.5304831520625857,5,1.18,True,0.8395325922259695,0.36299197389541893,27.246155478518805,False
392,1297.3815715448995,2.732319924827153,506.03691241224254,506.56458149101815,-1.7776690787756075,-0.17789671693519885,0.0,False,0.5338735287433898,5,1.18,True,0.8438708492424621,0.3436346097067596,27.284560429027067,False
393,1299.316098687147,2.7362072265277537,507.28691241224254,507.82148503899424,-1.784572626751677,-0.1781497618046224,0.0,False,0.5370985548023116,5,1.18,True,0.8482269264932566,0.32372160787910137,27.32319924827153,False
394,1301.263564067342,2.7401179548131083,508.53691241224254,509.07841547232806,-1.7915030600855424,-0.17840427602000838,0.0,False,0.5401662944843396,5,1.18,True,0.8526008823218763,0.3040483463633846,27.362072265277536,False
395,1303.2234605769263,2.7440521076388693,509.78691241224254,510.3353729534693,-1.7984605412267258,-0.17866026302137686,0.0,False,0.5430844187365932,5,1.18,True,0.8569927667644223,0.2854006435007769,27.401179548131083,False
396,1305.1953060708784,2.7480096801315943,511.03691241224254,511.5923576235549,-1.8054452113123496,-0.1789177254171977,0.0,False,0.545860224389686,5,1.18,True,0.8614026268177495,0.26852342993250966,27.44052107638869,False
397,1307.1786421660677,2.7519906666923895,512.2869124122426,512.8493696156902,-1.812457203447679,-0.179176665459894,0.0,False,0.5485006524036032,5,1.18,True,0.8658305082855564,0.25409105057325043,27.48009680131594,False
398,1309.173033097634,2.7559950617286604,513.5369124122426,514.1064090596333,-1.8194966473906622,-0.17943708521594254,0.0,False,0.5510123052237172,5,1.18,True,0.8702764564256402,0.24268038061458644,27.519906666923895,False
399,1311.1780646305624,2.760022859905153,514.7869124122426,515.3634760834673,-1.826563671224658,-0.1796989866289436,0.0,False,0.5534014632903399,5,1.18,True,0.8747405161765957,0.23474782733874633,27.559950617286603,False
