Year,Intelligence Growth,Truth Adoption,Suppression Feedback,Civilization Oscillation
1000.0,0.0,0.0,1.0,0.0
1001.0009765625,0.0,0.19969517019309269,0.9970094401485124,0.0004994789884206057
1002.001953125,0.0,0.3983933863612199,0.9940430018819977,0.0009969101652871726
1003.0029296875,0.0,0.5960996256769846,0.9910997588270116,0.001492249983600074
1004.00390625,0.0,0.7928188404650349,0.9881787858742259,0.001985455287857915
1005.0048828125,0.0,0.9885559583261516,0.9852791594964608,0.0024764833169810575
1006.005859375,0.0,1.1833158822606604,0.9823999580663504,0.002965291707182443
1007.0068359375,0.0,1.377103490791245,0.9795402621735064,0.0034518384947856326
1008.0078125,0.0,1.56992363808516,0.9766991549410553,0.003936082118989972
1009.0087890625,0.0,1.7617811540758144,0.9738757223414182,0.004417981424582816
1010.009765625,0.0,1.952680844583754,0.9710690535112073,0.004897495664598729
1011.0107421875,0.0,2.142627491437046,0.9682782410651121,0.005374584502925617
1012.01171875,0.0,2.331625852591066,0.9655023814086442,0.005849208016857701
1013.0126953125,0.0,2.519680662247663,0.9627405750496205,0.0063213266995953135
1014.013671875,0.0,2.70679663097376,0.9599919269082523,0.006790901462691452
1015.0146484375,0.0,2.892978445819341,0.9572555466257198,0.007257893638445039
1016.015625,0.0,3.078230770434862,0.954530548871103,0.007722264982240873
1017.0166015625,0.0,3.262558245188063,0.9518160536465485,0.008183977674836234
1018.017578125,0.0,3.4459654872802092,0.9491111865905457,0.008642994324594108
1019.0185546875,0.0,3.6284570908617564,0.9464150792791908,0.009099277969663021
1020.01953125,0.0,3.8100376271473957,0.9437268695253173,0.009552792080103468
1021.0205078125,0.0,3.990711644530607,0.94104570167537,0.010003500559960935
1022.021484375,0.0,4.170483668697544,0.9383707269039052,0.010451367749285496
1023.0224609375,0.0,4.3493582027404365,0.935701103505594,0.010896358426097997
1024.0234375,0.0,4.527339727270352,0.9330359971846147,0.011338437808302858
1025.0244140625,0.0,4.704432700529466,0.930374581341313,0.01177757155554745
1026.025390625,0.0,4.880641558502701,0.9277160373560184,0.012213725771028148
1027.0263671875,0.0,5.055970715028875,0.9250595548698963,0.012646867003242983
1028.02734375,0.0,5.230424561911242,0.9224043320627285,0.013076962247691054
1029.0283203125,0.0,5.404007469027512,0.9197495759275034,0.013503978948518602
1030.029296875,0.0,5.576723784439297,0.9170945025417099,0.013927885000111873
1031.0302734375,0.0,5.748577834501054,0.9144383373352205,0.014348648748636813
1032.03125,0.0,5.91957392396842,0.9117803153546596,0.014766238993525574
1033.0322265625,0.0,6.089716336106075,0.9091196815241459,0.015180624988910032
1034.033203125,0.0,6.259009332795009,0.9064556909023056,0.015591776445002177
1035.0341796875,0.0,6.427457154639282,0.9037876089354523,0.015999663529421667
1036.03515625,0.0,6.5950640210722655,0.9011147117068291,0.016404256868470427
1037.0361328125,0.0,6.761834130462296,0.8984362861818143,0.016805527548354512
1038.037109375,0.028304835934619632,6.927771660217883,0.8957516304489891,0.017203447116353222
1039.0380859375,0.5291529323170465,7.092880766892322,0.8930600539569713,0.017597987581935606
1040.0390625,1.0280204872185124,7.257165586287817,0.8903608777469182,0.017989121417824463
1041.0400390625,1.524861371769365,7.420630233559082,0.8876534346806044,0.018376821561007887
1042.041015625,2.0196296524516377,7.583278803316409,0.884937069663982,0.018761061413698495
1043.0419921875,2.512279595716702,7.745115369728253,0.882211139866132,0.019141814844240445
1044.04296875,3.0027656725829495,7.906143986623269,0.8794750149335203,0.01951905618796437
1045.0439453125,3.491042563212879,8.066368687591865,0.8767280771994678,0.019892760247990304
1046.044921875,3.9770651614692483,8.225793486087234,0.8739697218887527,0.020262902295978765
1047.0458984375,4.460788579449748,8.384422375525888,0.8711993573172602,0.02062945807283013
1048.046875,4.942168151999777,8.542259329387697,0.8684164050865988,0.020992403789332363
1049.0478515625,5.421159441202914,8.699308301315396,0.8656203002736054,0.02135171612675737
1050.048828125,5.897718240848548,8.855573225213655,0.862810491614659,0.02170737223740598
1051.0498046875,6.371800580876251,9.011058015347588,0.8599864416847331,0.022059349745101754
1052.05078125,6.843362731796525,9.165766566440809,0.8571476270711086,0.022407626745633874
1053.0517578125,7.312361209087335,9.319702753773015,0.8542935385416797,0.022752181807149063
1054.052734375,7.7787527775661225,9.472870433277013,0.8514236812077852,0.02309299397049292
1055.0537109375,8.242494455736804,9.625273441635347,0.8485375746814949,0.023430042749500665
1056.0546875,8.703543520111275,9.776915596376377,0.8456347532272912,0.023763308131237542
1057.0556640625,9.16185750950508,9.927800695969925,0.8427147659080818,0.024092770576189117
1058.056640625,9.617394229306765,10.077932519922395,0.8397771767254848,0.024418411018401462
1059.0576171875,10.070111755720454,10.227314828871474,0.8368215647543283,0.024740210865571644
1060.05859375,10.519968439981337,10.37595136468032,0.8338475242713104,0.025058151999088545
1061.0595703125,10.966922912543467,10.523845850531286,0.8308546648777662,0.02537221677402425
1062.060546875,11.410934087239635,10.671001991019185,0.8278426116164926,0.025682388019076206
1063.0615234375,11.851961165412813,10.81742347224409,0.8248110050825826,0.025988649036460438
1064.0625,12.289963640018701,10.963113961903668,0.8217595015282223,0.026290983601755805
1065.0634765625,12.724901299699098,11.108077109385048,0.8186877729614104,0.02658937596369978
1066.064453125,13.156734232825585,11.252316545856221,0.8155955072385583,0.02688381084393579
1067.0654296875,13.585422831513132,11.395835884357034,0.8124824081509308,0.02717427343671237
1068.06640625,14.010927795603273,11.538638719889644,0.8093481955048956,0.027460749408534383
1069.0673828125,14.433210136616403,11.68072862950861,0.8061926051959456,0.02774322489776656
1070.068359375,14.852231181672817,11.822109172410475,0.803015389276464,0.028021686514189494
1071.0693359375,15.267952577382111,11.962783890022921,0.7998163160172052,0.028296121338508416
1072.0703125,15.680336293700528,12.10275630609348,0.7965951699624635,0.02856651692181498
1073.0712890625,16.089344627755853,12.2420299267778,0.7933517519789106,0.028832861285002186
1074.072265625,16.494940207639583,12.380608240727472,0.790085879298076,0.029095142918132973
1075.0732421875,16.897085996165806,12.518494719177413,0.7867973855524573,0.029353350779762297
1076.07421875,17.29574529459659,12.655692816032818,0.783486120805242,0.02960747429621343
1077.0751953125,17.690881746333357,12.792205967955681,0.7801519515736295,0.029857503360808335
1078.076171875,18.08245934057406,12.928037594450874,0.7767947608457413,0.03010342833305267
1079.0771484375,18.470442415935565,13.063191097951798,0.7734144480911143,0.030345240037775466
1080.078125,18.85479566404104,13.197669863905634,0.7700109292647692,0.030582929764223953
1081.0791015625,19.23548413307201,13.331477260858104,0.7665841368048545,0.03081648926511362
1082.080078125,19.612473231284532,13.464616640537885,0.7631340196238621,0.03104591075563393
1083.0810546875,19.98572873048938,13.597091337940554,0.759660543093422,0.03127118691240988
1084.08203125,20.355216769495716,13.728904671412119,0.756163689022678,0.031492310872419764
1085.0830078125,20.72090385751795,13.860059942732148,0.7526434556302518,0.03170927623186931
1086.083984375,21.08275687754552,13.990560437196482,0.7490998575098087,0.03192207704502265
1087.0849609375,21.44074308967511,14.120409423699506,0.7455329255892356,0.03213070782299029
1088.0859375,21.794830134405153,14.249610154816054,0.7419427070834469,0.03233516353247436
1089.0869140625,22.144986035892117,14.378165866882867,0.7383292654408379,0.0325354395944716
1090.087890625,22.49117920516832,14.506079780079663,0.7346926802834035,0.03273153188293422
1091.0888671875,22.83337844332102,14.633355098509817,0.731033047340549,0.03292343672338898
1092.08984375,23.17155294463232,14.759995010280589,0.7273504783766152,0.033111150891514916
1093.0908203125,23.505672299679727,14.886002687583,0.7236451011121481,0.033294671611679864
1094.091796875,23.83570649839689,15.0113812867713,0.7199170591389433,0.03347399655543619
1095.0927734375,24.161625933094356,15.136133948442012,0.7161665118288985,0.033649123839976036
1096.09375,24.48340140143998,15.260263797512614,0.7123936342367085,0.033820052026546386
1097.0947265625,24.801004109398654,15.383773943299811,0.7085986169964438,0.033986780118824285
1098.095703125,25.11440567413116,15.506667479597422,0.7047816662120497,0.034149307561252555
1099.0966796875,25.42357812685172,15.628947484753866,0.7009430033418121,0.0343076342373363
1100.09765625,25.72849391564409,15.750617021749287,0.6970828650768333,0.03446176046790059
1101.0986328125,26.02912590823586,15.871679138272267,0.6932015032135671,0.034611687009309555
1102.099609375,26.325447394730624,15.992136866796173,0.6892991845204635,0.03475741505164744
1103.1005859375,26.617432090297875,16.111993224655112,0.6853761905987731,0.034898946216861695
1104.1015625,26.905054137820233,16.23125121411952,0.6814328177375707,0.0350362825568686
1105.1025390625,27.188288110497798,16.34991382247135,0.6774693767630509,0.03516942655162181
1106.103515625,27.46710901440939,16.467984022078923,0.673486192882158,0.035298381107144006
1107.1044921875,27.741492291030355,16.585464770471358,0.6694836055206117,0.035423149553522236
1108.10546875,28.011413819706735,16.702359010412682,0.6654619681553908,0.03554373564286699
1109.1064453125,28.276849920085553,16.818669669975513,0.6614216481417454,0.03566014354723571
1110.107421875,28.537777354500907,16.93439966261442,0.6573630265348008,0.03577237785652085
1111.1083984375,28.794173330315743,17.049551887238927,0.653286497905828,0.03588044357630288
1112.109375,29.046015502218964,17.164129228286065,0.6491924701532524,0.03598434612566872
1113.1103515625,29.293281974477754,17.278134555792683,0.6450813643084745,0.03608409133499587
1114.111328125,29.535951303144707,17.39157072546732,0.6409536143365809,0.036179685443702564
1115.1123046875,29.774002498219826,17.50444057876173,0.6368096669320256,0.036271135097964494
1116.11328125,30.00741502576689,17.616746942942054,0.6326499813093595,0.036358447348398194
1117.1142578125,30.23616880998412,17.728492631159657,0.628475028989095,0.0364416296477118
1118.115234375,30.460244235229,17.83968044252159,0.6242852935787881,0.03652068984832322
1119.1162109375,30.679622147996813,17.95031316216069,0.6200812705494262,0.03659563619994639
1120.1171875,30.894283858853026,18.06039356130536,0.6158634670072101,0.036666477347145746
1121.1181640625,31.104211144318977,18.16992439734897,0.611632401460821,0.03673322232685951
1122.119140625,31.309386248710986,18.278908413918955,0.6073886035842653,0.036795880565891975
1123.1201171875,31.509791885932515,18.387348340945515,0.6031326139753903,0.03685446187837531
1124.12109375,31.7054112412192,18.495246894729984,0.5988649839101696,0.03690897646320125
1125.1220703125,31.89622797283675,18.60260677801292,0.594586275092852,0.03695943490142301
1126.123046875,32.08222621373132,18.70943068004175,0.5902970594020767,0.037005848153627806
1127.1240234375,32.26339057313233,18.815721276638172,0.5859979186330544,0.037048227557280454
1128.125,32.43970613810757,18.92148123026516,0.5816894442359175,0.037086584824038406
1129.1259765625,32.61115847507037,19.026713190093673,0.5773722370503415,0.037120932037038534
1130.126953125,32.77773363123871,19.13141979206899,0.5730469070365468,0.0371512816481562
1131.1279296875,32.93941813604613,19.235603658976768,0.568714073002785,0.03717764647523681
1132.12890625,33.09619900250435,19.3392674005087,0.5643743623294198,0.03720003969930058
1133.1298828125,33.24806372851732,19.442413613327936,0.5600284106897107,0.037218474861720474
1134.130859375,33.39500029814677,19.54504488113408,0.555676861767414,0.0372329658613741
1135.1318359375,33.53699718282892,19.64716377472793,0.5513203669713094,0.03724352695176972
1136.1328125,33.67404334254241,19.74877285207587,0.5469595851467688,0.037250172738146965
1137.1337890625,33.8061282269272,19.849874658373963,0.5425951822844816,0.03725291817455242
1138.134765625,33.93324177635442,19.950471726111665,0.5382278312264519,0.03725177856089075
1139.1357421875,34.055374422947025,20.0505665751353,0.5338582113693855,0.037246769539951555
1140.13671875,34.17251709155113,20.150161712711157,0.5294870083655844,0.03723790709441248
1141.1376953125,34.28466120065793,20.249259633588288,0.5251149138214681,0.037225207543819
1142.138671875,34.391798663276255,20.347862820061042,0.520742624993842,0.03720868754154112
1143.1396484375,34.49392188775536,20.445973742031192,0.5163708444840343,0.03718836407170766
1144.140625,34.59102377855825,20.543594857069824,0.5120002799300216,0.03716425444611828
1145.1416015625,34.683097736985125,20.640728610478902,0.5076316436966698,0.03713637630113387
1146.142578125,34.7701376618471,20.73737743535252,0.503265652564208,0.03710474759454549
1147.1435546875,34.85213795009006,20.833543752637837,0.49890302741506476,0.03706938660242252
1148.14453125,34.92909349736851,20.92922997119572,0.4945444929191904,0.03703031191594025
1149.1455078125,35.00099969856951,21.024438487861108,0.4901907772179874,0.036987542438187325
1150.146484375,35.06785244828646,21.11917168750301,0.4858426116069801,0.036941097380953636
1151.1474609375,35.12964814124297,21.21343194308427,0.48150073021734646,0.0368909962614988
1152.1484375,35.18638367266638,21.30722161572102,0.4771658696964402,0.03683725889930189
1153.1494140625,35.238056438611295,21.400543054741775,0.47283876888743126,0.03677990541279269
1154.150390625,35.28466433623275,21.493398597746342,0.4685201685081907,0.03671895621606495
1155.1513671875,35.3262057640093,21.585790570664308,0.46421081082955057,0.0366544320155719
1156.15234375,35.36267962191576,21.67772128781337,0.45991143935306383,0.03658635380680478
1157.1533203125,35.39408531154567,21.769193051957252,0.45562279848839654,0.03651474287095441
1158.154296875,35.42042273618352,21.86020815436342,0.45134563323047766,0.036439620771556436
1159.1552734375,35.441692300826645,21.95076887486046,0.4470806888365373,0.036361009351120674
1160.15625,35.4578949121569,22.04087748189519,0.44282871050316164,0.03627893072774482
1161.1572265625,35.46903197846191,22.130536232589478,0.43859044304349315,0.03619340729171309
1162.158203125,35.4751054095062,22.219747372796785,0.4343666305647052,0.03610446170208019
1163.1591796875,35.476117616351885,22.308513137158425,0.43015801614587923,0.03601211688324084
1164.16015625,35.472071511129286,22.396835749159525,0.4259653415164138,0.035916396021485573
1165.1611328125,35.46297050675716,22.484717421184737,0.42178934673509294,0.03581732256154294
1166.162109375,35.448818516612846,22.572160354573654,0.41763076986994213,0.03571492020310876
1167.1630859375,35.429619954152145,22.659166739675936,0.4134903466790002,0.03560921289736263
1168.1640625,35.40537973247918,22.745738755906196,0.4093688102921334,0.035500224843472226
1169.1650390625,35.37610326386606,22.831878571798583,0.4052668908940197,0.03538798048508587
1170.166015625,35.341796459222586,22.91758834506109,0.4011853154084284,0.03527250450681354
1171.1669921875,35.30246572751592,23.00287022262963,0.3971248071839233,0.035153821830697006
1172.16796875,35.25811797514039,23.08772634072178,0.3930860856811117,0.03503195761266932
1173.1689453125,35.20876060523735,23.17215882489032,0.389069866161567,0.03490693723900414
1174.169921875,35.15440151696532,23.256169790076466,0.3850768593785471,0.0347787863227553
1175.1708984375,35.095049104720346,23.33976134066284,0.3811077712696322,0.03464753070018701
1176.171875,35.03071225730675,23.42293557052619,0.3771633026514058,0.034513196427195095
1177.1728515625,34.961400357058345,23.505694563089826,0.37324414891629953,0.03437580977571977
1178.173828125,34.88712327891007,23.588040391375845,0.36935099973172236,0.03423539723015016
1179.1748046875,34.807891389420384,23.669975118057003,0.3654845387415965,0.03409198548372117
1180.17578125,34.723715545744305,23.751500795508427,0.3616454432704158,0.033945601434903064
1181.1767578125,34.63460709455723,23.832619465859008,0.3578343840299477,0.033796272183784046
1182.177734375,34.540577870929816,23.91333316104255,0.35405202482869363,0.03364402502844636
1183.1787109375,34.44164019715373,23.99364390284868,0.35029902228422494,0.03348888746133634
1184.1796875,34.33780688151872,24.073553702973484,0.34657602553850864,0.03333088716562865
1185.1806640625,34.22909121704085,24.153064563069876,0.3428836759763365,0.03317005201158529
1186.181640625,34.11550698014226,24.23217847479779,0.3392226069469699,0.03300641005290967
1187.1826171875,33.99706842928226,24.31089741987403,0.33559344348911146,0.03283998952309618
1188.18359375,33.87379030354044,24.38922337012191,0.33199680205931337,0.032670818831775646
1189.1845703125,33.74568782115125,24.467158287520654,0.32843329026393014,0.0324989265610571
1190.185546875,33.61277667799075,24.54470412425455,0.32490350659472306,0.03232434146186617
1191.1865234375,33.475073046015474,24.62186282276184,0.3214080401682218,0.03214709245028059
1192.1875,33.332593571653476,24.698636315783375,0.31794747046894745,0.03196720860386319
1193.1884765625,33.18535537414789,24.775026526411025,0.31452236709659853,0.03178471915799273
1194.189453125,33.033376043853046,24.851035368135868,0.31113328951730124,0.03159965350219292
1195.1904296875,32.87667364048346,24.9266647448961,0.3077807868190233,0.03141204117646022
1196.19140625,32.71526669131561,25.001916551124737,0.304465397471249,0.03122191186759054
1197.1923828125,32.54917418934299,25.076792671797072,0.3011876490890102,0.03102929540550538
1198.193359375,32.37841559138438,25.15129498247788,0.29794805820136894,0.030834221759577826
1199.1943359375,32.2030108161457,25.2254253493684,0.2947471300244427,0.030636721034958646
1200.1953125,32.02298024223551,25.29918562935311,0.2915853582390633,0.030436823468902984
1201.1962890625,31.838344706134393,25.3725776700462,0.28846322477315794,0.030234559427098028
1202.197265625,31.649125500118526,25.445603309837857,0.28538119958893937,0.030029959399991892
1203.1982421875,31.455344370137446,25.518264377940348,0.2823397404749891,0.029823053999124337
1204.19921875,31.257023513646434,25.590562694433814,0.27933929284331793,0.029613873953459425
1205.2001953125,31.054185577393582,25.662500070311857,0.27638028953148314,0.029402450105720693
1206.201171875,30.846853655161837,25.73407830752692,0.2734631506098422,0.029188813408729135
1207.2021484375,30.635051285466222,25.80529919903541,0.2705882831940197,0.02897299492174436
1208.203125,30.41880244920652,25.87616452884263,0.2677560812626607,0.028755025806809272
1209.2041015625,30.198131567275553,25.946676072047428,0.2649669254805462,0.028534937325098698
1210.205078125,29.973063498123384,26.016835594886707,0.26222118302713715,0.028312760833272332
1211.2060546875,29.743623535277635,26.086644854779635,0.2595192074306188,0.028088527779832225
1212.20703125,29.50983740482024,26.15610560037168,0.25686133840750913,0.027862269701485375
1213.2080078125,29.271731262820765,26.2252195715784,0.25424790170789635,0.02763401821951163
1214.208984375,29.029331692726682,26.293988499629055,0.251679208966366,0.027403805036137322
1215.2099609375,28.78266570271078,26.362414107109934,0.24915555755867846,0.02717166193091496
1216.2109375,28.531760722976014,26.43049810800752,0.24667723046425277,0.026937620757109374
1217.2119140625,28.27664460301797,26.498242207751446,0.24424449613451044,0.02670171343809062
1218.212890625,28.017345608845424,26.565648103257168,0.24185760836713455,0.026463971963734012
1219.2138671875,27.753892420159058,26.632717482968516,0.23951680618629073,0.02622442838682758
1220.21484375,27.48631412748872,26.699452026899955,0.23722231372885988,0.025983114819487445
1221.2158203125,27.214640229289515,26.7658534066787,0.23497434013672674,0.025740063429581222
1222.216796875,26.93890062899701,26.83192328558654,0.23277307945516723,0.025495306437160015
1223.2177734375,26.6591256320418,26.897663318601552,0.2306187105373748,0.025248876110899196
1224.21875,26.375345942823806,26.96307515243953,0.22851139695516418,0.025000804764548343
1225.2197265625,26.087592661646575,27.02816042559523,0.22645128691588656,0.024751124753390714
1226.220703125,25.795897281611914,27.092920768383436,0.2244385131855906,0.024499868470712515
1227.2216796875,25.50029168547507,27.157357802979767,0.2224731930184584,0.024247068344282367
1228.22265625,25.200808142460957,27.221473143461346,0.22055542809254514,0.023992756832841158
1229.2236328125,24.89747930504149,27.285268395847183,0.21868530445184725,0.023736966422602826
1230.224609375,24.590338205674698,27.348745158138456,0.2168628924547217,0.023479729623766193
1231.2255859375,24.279418253505575,27.411905020358493,0.2150882467286776,0.023221078967038265
1232.2265625,23.964753231029214,27.47474956459265,0.21336140613155619,0.02296104700016924
1233.2275390625,23.646377290716547,27.537280365027897,0.21168239371911646,0.022699666284499716
1234.228515625,23.32432495160298,27.59949898799226,0.21005121671903682,0.022436969391520126
1235.2294921875,22.998631095840253,27.661406991994074,0.2084678665113444,0.02217298889944298
1236.23046875,22.669330965211937,27.723005927760997,0.20693231861527883,0.021907757389788052
1237.2314453125,22.336460157612827,27.784297338278883,0.20544453268259472,0.021641307443980903
1238.232421875,22.000054623492677,27.8452827588304,0.2040044524973068,0.02137367163996494
1239.2333984375,21.660150662264577,27.905963717033508,0.20261200598187534,0.021104882548827482
1240.234375,21.31678491867834,27.966341732879716,0.2012671052098305,0.020834972731439905
1241.2353515625,20.969994379159285,28.026418318772166,0.19996964642482962,0.020563974735112362
1242.236328125,20.6198163681127,28.08619497956351,0.19871951006613908,0.02029192109026322
1243.2373046875,20.266288544194534,28.14567321259359,0.1975165608005309,0.020018844307103628
1244.23828125,19.909448896548483,28.204854507726985,0.19636064756057986,0.01974477687233736
1245.2392578125,19.549335741009976,28.263740347390275,0.19525160358934673,0.019469751245876334
1246.240234375,19.18598771627741,28.322332206609232,0.1941892464914275,0.019193799857572063
1247.2412109375,18.819443780051,28.380631553045717,0.19317337829034995,0.018916955103963223
1248.2421875,18.449743205139683,28.438639847034494,0.192203785492292,0.01863924934503974
1249.2431640625,18.076925575536386,28.496358541619742,0.1912802391560977,0.018360714901023607
1250.244140625,17.701030782462094,28.553789082591532,0.19040249496956113,0.01808138404916665
1251.2451171875,17.3220990203792,28.610932908521978,0.18957029333194786,0.01780128902056563
1252.24609375,16.94017078297429,28.66779145080131,0.18878335944272073,0.01752046199699479
1253.2470703125,16.55528685911111,28.724366133673705,0.188041403396433,0.01723893510775629
1254.248046875,16.16748832875379,28.78065837427298,0.18734412028375197,0.01695674042654855
1255.2490234375,15.776816558860983,28.83666958265808,0.18669119029857068,0.016673909968353048
1256.25,15.383313199251155,28.892401161848404,0.18608227885116557,0.016390475686339525
1257.2509765625,14.98702017843955,28.94785450785893,0.18551703668735356,0.016106469468790036
1258.251953125,14.587979699447235,29.00303100973523,0.18499510001360067,0.015821923136042103
1259.2529296875,14.186234235582557,29.057932049588207,0.18451609062803243,0.015536868437451033
1260.25390625,13.781826526195557,29.112559002628757,0.18407961605729148,0.015251337048371836
1261.2548828125,13.37479957240566,29.166913237202188,0.18368526969918908,0.014965360567160881
1262.255859375,12.965196632803183,29.220996114822526,0.18333263097109156,0.014678970512197518
1263.2568359375,12.553061219124944,29.274808990206587,0.18302126546398267,0.014392198318925969
1264.2578125,12.138437091904553,29.328353211307938,0.18275072510213936,0.014105075336917586
1265.2587890625,11.721368256097712,29.381630119350646,0.18252054830835665,0.013817632826953868
1266.259765625,11.301898956683052,29.434641048862886,0.1823302601746553,0.013529901958130294
1267.2607421875,10.880073674238853,29.487387327710344,0.1821793726384034,0.013241913804981305
1268.26171875,10.455937120496154,29.53987027712952,0.18206738466378025,0.012953699344626587
1269.2626953125,10.029534233868699,29.59209121176078,0.18199378242851103,0.012665289453938904
1270.263671875,9.600910174960143,29.64405143968132,0.18195803951579492,0.012376714906733675
1271.2646484375,9.170110322048963,29.695752262437914,0.18195961711135172,0.012088006370980463
1272.265625,8.737180266551555,29.74719497507952,0.1819979642055058,0.011799194406036662
1273.2666015625,8.302165808463947,29.798380866189724,0.1820725178002267,0.011510309459903504
1274.267578125,7.8651129517826135,29.849311217919006,0.1821827031210438,0.011221381866504615
1275.2685546875,7.4260678999047816,29.899987306016875,0.18232793383374812,0.01093244184298732
1276.26953125,6.985077051008821,29.95041039986381,0.18250761226579604,0.010643519487046858
1277.2705078125,6.542186993414994,30.000581762503057,0.1827211296323241,0.010354644774273732
1278.271484375,6.0974445009272475,30.05050265067228,0.18296786626668488,0.010065847555524338
1279.2724609375,5.650896528156299,30.100174314835023,0.18324719185541163,0.00977715755431508
1280.2734375,5.202590205824663,30.149597999212045,0.18355846567751571,0.009488604364240151
1281.2744140625,4.75257283605397,30.198774941812488,0.18390103684802236,0.009200217446413124
1282.275390625,4.300891887635107,30.247706374464876,0.18427424456564523,0.008912026126932551
1283.2763671875,3.8475949912816425,30.296393522847982,0.1846774183645014,0.008624059594371743
1284.27734375,3.3927299348670026,30.344837606521526,0.18510987836976506,0.00833634689729286
1285.2783203125,2.936344658645888,30.393039838956714,0.1855709355571567,0.008048916941785512
1286.279296875,2.478487250460402,30.441001427566658,0.18605989201616446,0.007761798489030003
1287.2802734375,2.01920594093135,30.4887235737366,0.1865760412168911,0.007475020152885386
1288.28125,1.5585490986352664,30.536207472854002,0.1871186682804193,0.007188610397502475
1289.2822265625,1.0965652252675415,30.583454314338518,0.18768705025258717,0.006902597534961958
1290.283203125,0.6333029507922401,30.630465281671746,0.1882804563810635,0.006617009722937779
1291.2841796875,0.16881102857900743,30.677241552426914,0.18889814839561114,0.006331874962385894
1292.28515625,0.0,30.723784298298344,0.1895393807914268,0.006047221095258573
1293.2861328125,0.0,30.77009468513082,0.19020340111544232,0.005763075802244366
1294.287109375,0.0,30.816173872948795,0.19088945025547316,0.005479466600533875
1295.2880859375,0.0,30.86202301598543,0.19159676273209747,0.005196420841611449
1296.2890625,0.0,30.90764326271151,0.1923245669931486,0.004913965709072941
1297.2900390625,0.0,30.95303575586424,0.19307208571070272,0.004632128216469649
1298.291015625,0.0,30.998201632475826,0.19383853608044235,0.004350935205178537
1299.2919921875,0.0,31.043142023901993,0.19462313012327517,0.0040704133422988995
1300.29296875,0.0,31.087858055850297,0.1954250749890873,0.003790589118575532
1301.2939453125,0.0,31.132350848408347,0.1962435732625088,0.0035114888463485486
1302.294921875,0.0,31.17662151607184,0.19707782327056866,0.0032331386575299463
1303.2958984375,0.0,31.22067116777249,0.1979270193921155,0.002955564501607012
1304.296875,0.0,31.264500906905816,0.19879035236887993,0.002678792143672689
1305.2978515625,0.0,31.30811183135874,0.1996670096180535,0.002402847162482979
1306.298828125,0.0,31.35150503353714,0.20055617554625857,0.002127754948541492
1307.2998046875,0.0,31.39468160039319,0.20145703186478303,0.0018535407022112216
1308.30078125,0.0,31.43764261345257,0.20236875790595354,0.0015802294318536458
1309.3017578125,0.0,31.48038914884159,0.2032905309405196,0.0013078459519952233
1310.302734375,0.0,31.522922277314112,0.20422152649592154,0.0010364148815213794
1311.3037109375,0.0,31.565243064278405,0.20516091867531439,0.0007659606418980514
1312.3046875,0.0,31.607352569823814,0.2061078804772192,0.0004965074554208727
1313.3056640625,0.0,31.649251848747305,0.20706158411567405,0.00022807934349206274
1314.306640625,0.0,31.690941950579905,0.20802120134075555,-3.929987507490256e-05
1315.3076171875,0.0,31.732423919612987,0.2089859037593423,-0.0003056065857227801
1316.30859375,0.0,31.773698794924417,0.20995486315599182,-0.0005708173797901442
1317.3095703125,0.0,31.8147676104046,0.21092725181380137,-0.0008349090561230068
1318.310546875,0.0,31.855631394782353,0.21190224283512454,-0.0010978586226584193
1319.3115234375,0.0,31.89629117165071,0.21287901046201418,-0.0013596432979800016
1320.3125,0.0,31.93674795949252,0.21385673039626357,-0.0016202405128453487
1321.3134765625,0.0,31.977002771705997,0.21483458011891654,-0.0018796279116852716
1322.314453125,0.0,32.017056616630065,0.21581173920911909,-0.002137783354074824
1323.3154296875,0.0,32.05691049756966,0.2167873896621837,-0.002394684916176078
1324.31640625,0.0,32.09656541282083,0.2177607162067391,-0.0026503108921526125
1325.3173828125,0.0,32.13602235569575,0.21873090662083772,-0.0029046397955556752
1326.318359375,0.0,32.1752823145476,0.21969715204689447,-0.003157650360681994
1327.3193359375,0.0,32.21434627279534,0.22065864730532947,-0.003409321543903207
1328.3203125,0.0,32.2532152089483,0.22161459120678972,-0.0036596325249668767
1329.3212890625,0.0,32.29189009663075,0.2225641868628236,-0.003908562708269094
1330.322265625,0.0,32.33037190460627,0.22350664199488376,-0.004156091724098615
1331.3232421875,0.0,32.36866159680195,0.22444116924153462,-0.004402199429852545
1332.32421875,0.0,32.40676013233264,0.22536698646373993,-0.0046468659112235515
1333.3251953125,0.0,32.44466846552491,0.22628331704810947,-0.004890071483358579
1334.326171875,0.0,32.48238754594097,0.22718939020798162,-0.005131796691989082
1335.3271484375,0.0,32.519918318402446,0.22808444128222174,-0.005372022314532758
1336.328125,0.0,32.557261723014065,0.228967712031616,-0.0056107293611667875
1337.3291015625,0.0,32.5944186951872,0.22983845093274188,-0.005847899075872573
1338.330078125,0.0,32.631390165663284,0.23069591346919688,-0.006083512937451998
1339.3310546875,0.0,32.66817706053714,0.23153936242006898,-0.006317552660515199
1340.33203125,0.0,32.70478030128019,0.23236806814553274,-0.006550000196439872
1341.3330078125,0.0,32.74120080476348,0.2331813088694563,-0.006780837734302111
1342.333984375,0.0,32.77743948328074,0.23397837095890575,-0.007010047701778834
1343.3349609375,0.0,32.81349724457114,0.2347585492004349,-0.00723761276602176
1344.3359375,0.0,32.849374991842105,0.23552114707304916,-0.007463515834503012
1345.3369140625,0.0,32.88507362379188,0.23626547701773393,-0.007687740055832331
1346.337890625,0.0,32.92059403463208,0.23699086070343947,-0.007910268820545971
1347.3388671875,0.0,32.955937114110085,0.23769662928941515,-0.008131085761867255
1348.33984375,0.0,32.991103747531305,0.23838212368378775,-0.008350174756438875
1349.3408203125,0.0,33.02609481578136,0.23904669479828036,-0.008567519925026947
1350.341796875,0.0,33.06091119534819,0.23968970379896865,-0.008783105633196852
1351.3427734375,0.0,33.09555375834394,0.24031052235297473,-0.008996916491960943
1352.34375,0.0,33.13002337252685,0.24090853287099911,-0.009208937358398117
1353.3447265625,0.0,33.164320901322995,0.24148312874559325,-0.009419153336245331
1354.345703125,0.0,33.19844720384789,0.24203371458507658,-0.009627549776461105
1355.3466796875,0.0,33.23240313492801,0.24255970644300562,-0.00983411227776106
1356.34765625,0.0,33.26618954512223,0.2430605320431006,-0.010038826687125546
1357.3486328125,0.0,33.2998072807431,0.2435356309995414,-0.010241679100279448
1358.349609375,0.0,33.33325718387806,0.24398445503254285,-0.010442655862144167
1359.3505859375,0.0,33.36654009241054,0.24440646817912356,-0.01064174356726191
1360.3515625,0.0,33.39965684004092,0.24480114699898317,-0.010838929060192324
1361.3525390625,0.0,33.43260825630744,0.2451679807754056,-0.011034199435881522
1362.353515625,0.0,33.465395166606974,0.24550647171110723,-0.011227542040003629
1363.3544921875,0.0,33.4980183922157,0.24581613511895156,-0.011418944469274864
1364.35546875,0.0,33.53047875030967,0.2460964996074536,-0.011608394571740253
1365.3564453125,0.0,33.562777053985286,0.2463471072609994,-0.011795880447033103
1366.357421875,0.0,33.59491411227967,0.2465675138147082,-0.011981390446607223
1367.3583984375,0.0,33.626890730190915,0.24675728882386755,-0.012164913173942065
1368.359375,0.0,33.65870770869825,0.24691601582787182,-0.012346437484720823
1369.3603515625,0.0,33.69036584478215,0.2470432925085999,-0.012525952486981575
1370.361328125,0.0,33.721865931444206,0.2471387308431674,-0.012703447541241638
1371.3623046875,0.0,33.75320875772709,0.24720195725099178,-0.012878912260595081
1372.36328125,0.0,33.784395108734245,0.24723261273511216,-0.013052336510783656
1373.3642578125,0.0,33.81542576564961,0.24723035301770602,-0.01322371041024115
1374.365234375,0.0,33.84630150575711,0.24719484866974872,-0.013393024330111252
1375.3662109375,0.0,33.877023102460235,0.2471257852347638,-0.013560268894239108
1376.3671875,0.0,33.9075913253013,0.24702286334661389,-0.013725434979136622
1377.3681640625,0.0,33.938006939980795,0.24688579884128503,-0.013888513713921588
1378.369140625,0.0,33.968270708376544,0.2467143228626193,-0.014049496480230853
1379.3701171875,0.0,33.99838338856278,0.2465081819619535,-0.014208374912107495
1380.37109375,0.0,34.028345734829145,0.2462671381916231,-0.014365140895862279
1381.3720703125,0.0,34.05815849769959,0.24599096919229457,-0.014519786569909371
1382.373046875,0.0,34.08782242395114,0.24567946827409012,-0.01467230432457653
1383.3740234375,0.0,34.117338256632664,0.24533244449147273,-0.014822686801889827
1384.375,0.0,34.14670673508341,0.24494972271186102,-0.014970926895333095
1385.3759765625,0.0,34.1759285949516,0.24453114367794626,-0.015117017749582138
1386.376953125,0.0,34.2050045682128,0.24407656406368627,-0.015260952760213926
1387.3779296875,0.0,34.233935383188275,0.24358585652395381,-0.015402725573390825
1388.37890625,0.0,34.26272176456324,0.24305890973781913,-0.015542330085520051
1389.3798828125,0.0,34.29136443340501,0.24249562844544936,-0.01567976044288844
1390.380859375,0.0,34.31986410718105,0.24189593347860947,-0.01581501104127273
1391.3818359375,0.0,34.348221499776955,0.24125976178475267,-0.0159480765255254
1392.3828125,0.0,34.376437321514345,0.24058706644469027,-0.016078951789136323
1393.3837890625,0.0,34.40451227916864,0.23987781668383368,-0.01620763197377025
1394.384765625,0.0,34.43244707598676,0.23913199787700395,-0.01633411246878038
1395.3857421875,0.0,34.460242411704755,0.23834961154680687,-0.01645838891069812
1396.38671875,0.0,34.48789898256533,0.23753067535557348,-0.016580457182699102
1397.3876953125,0.0,34.515417481335284,0.23667522309087008,-0.016700313414045827
1398.388671875,0.0,34.54279859732286,0.23578330464458214,-0.016817953979506778
1399.3896484375,0.0,34.570043016395,0.23485498598558147,-0.016933375498752453
1400.390625,0.0,34.59715142099455,0.23389034912598666,-0.01704657483572828
1401.3916015625,0.0,34.62412449015735,0.23288949208103005,-0.01715754909800466
1402.392578125,0.0,34.65096289952922,0.231852528822548,-0.017266295636104233
1403.3935546875,0.0,34.67766732138291,0.23077958922611191,-0.01737281204280663
1404.39453125,0.0,34.70423842463493,0.22967081901182176,-0.01747709615243075
1405.3955078125,0.0,34.7306768748623,0.22852637967878486,-0.017579146040094817
1406.396484375,0.0,34.756983334319216,0.22734644843330715,-0.01767896002095435
1407.3974609375,0.0,34.783158461953676,0.22613121811082437,-0.01777653664941821
1408.3984375,0.0,34.80920291342394,0.22488089709160503,-0.017871874718342895
1409.3994140625,0.0,34.83511734111498,0.22359570921025837,-0.017964973258205265
1410.400390625,0.0,34.86090239415481,0.2222758936590838,-0.018055831536253873
1411.4013671875,0.0,34.88655871843076,0.22092170488529975,-0.018144449055639018
1412.40234375,0.0,34.91208695660565,0.2195334124821937,-0.018230825554521813
1413.4033203125,0.0,34.93748774813386,0.21811130107423637,-0.018314961005162292
1414.404296875,0.0,34.96276172927738,0.2166556701962059,-0.018396855612986908
1415.4052734375,0.0,34.98790953312176,0.21516683416637059,-0.01847650981563542
1416.40625,0.0,35.01293178959192,0.2136451219537806,-0.01855392428198749
1417.4072265625,0.0,35.03782912546797,0.21209087703972185,-0.01862909991116913
1418.408203125,0.0,35.06260216440089,0.21050445727338724,-0.018702037831539127
1419.4091796875,0.0,35.08725152692817,0.2088862347218231,-0.01877273939965573
1420.41015625,0.0,35.111777830489316,0.20723659551421048,-0.018841206199223706
1421.4111328125,0.0,35.136181689441365,0.20555593968054414,-0.018907440040021997
1422.412109375,0.0,35.16046371507425,0.20384468098477299,-0.018971442956812138
1423.4130859375,0.0,35.1846245156261,0.2021032467524692,-0.019033217208227624
1424.4140625,0.0,35.208664696298484,0.20033207769309475,-0.019092765275644498
1425.4150390625,0.0,35.23258485927161,0.19853162771693655,-0.01915008986203322
1426.416015625,0.0,35.25638560371933,0.1967023637467829,-0.019205193890792106
1427.4169921875,0.0,35.28006752582422,0.19484476552441748,-0.019258080504562517
1428.41796875,0.0,35.30363121879248,0.19295932541200722,-0.019308753064025942
1429.4189453125,0.0,35.327077272868806,0.19104654818846434,-0.019357215146683267
1430.419921875,0.0,35.35040627535115,0.1891069508408637,-0.019403470545616346
1431.4208984375,0.0,35.37361881060546,0.1871410623509986,-0.019447523268232084
1432.421875,0.0,35.39671546008031,0.18514942347716074,-0.01948937753498929
1433.4228515625,0.0,35.419696802321475,0.18313258653123204,-0.019529037778108434
1434.423828125,0.0,35.44256341298639,0.18109111515117654,-0.01956650864026452
1435.4248046875,0.0,35.46531586485858,0.17902558406902386,-0.019601794973263368
1436.42578125,0.0,35.48795472786205,0.1769365788744377,-0.019634901836701343
1437.4267578125,0.0,35.51048056907552,0.17482469577396278,-0.019665834496608917
1438.427734375,0.0,35.53289395274661,0.1726905413460475,-0.019694598424078096
1439.4287109375,0.0,35.55519544030603,0.17053473229193974,-0.019721199293874097
1440.4296875,0.0,35.57738559038161,0.16835789518255614,-0.019745642983031334
1441.4306640625,0.0,35.59946495881229,0.1661606662014254,-0.019767935569433986
1442.431640625,0.0,35.62143409866206,0.16394369088380897,-0.019788083330381366
1443.4326171875,0.0,35.643293560233786,0.16170762385210347,-0.01980609274113827
1444.43359375,0.0,35.665043891083045,0.15945312854763058,-0.019821970473470542
1445.4345703125,0.0,35.6866856360318,0.15718087695892188,-0.019835723394166057
1446.435546875,0.0,35.708219337182015,0.15489154934660732,-0.019847358563541317
1447.4365234375,0.0,35.72964553392934,0.15258583396501738,-0.01985688323393391
1448.4375,0.0,35.75096476297651,0.1502644267806106,-0.019864304848180993
1449.4384765625,0.0,35.772177558346854,0.14792803118733888,-0.0198696310380841
1450.439453125,0.0,35.79328445139766,0.14557735771906452,-0.01987286962286036
1451.4404296875,0.0,35.81428597083346,0.14321312375914438,-0.01987402860758047
1452.44140625,0.0,35.83518264271931,0.14083605324729703,-0.01987311618159357
1453.4423828125,0.0,35.85597499049394,0.13844687638387065,-0.01987014071693922
1454.443359375,0.0,35.87666353498288,0.13604632933162952,-0.019865110766746758
1455.4443359375,0.0,35.89724879441151,0.1336351539151791,-0.019858035063622225
1456.4453125,0.0,35.917731284418004,0.13121409731814943,-0.019848922518023015
1457.4462890625,0.0,35.93811151806631,0.12878391177825857,-0.0198377822166206
1458.447265625,0.0,35.95839000585894,0.12634535428037774,-0.019824623420651433
1459.4482421875,0.0,35.97856725574979,0.12389918624772134,-0.019809455564256267
1460.44921875,0.0,35.99864377315687,0.12144617323128537,-0.019792288252808175
1461.4501953125,0.0,36.01862006097493,0.11898708459765837,-0.019773131261229416
1462.451171875,0.0,36.03849661958811,0.11652269321533036,-0.019751994532297402
1463.4521484375,0.0,36.0582739468824,0.11405377513962472,-0.019728888174939962
1464.453125,0.0,36.0779525382582,0.11158110929637981,-0.019703822462520167
1465.4541015625,0.0,36.09753288664265,0.10910547716450633,-0.019676807831110903
1466.455078125,0.0,36.11701548250202,0.1066276624575481,-0.019647854877759392
1467.4560546875,0.0,36.13640081385399,0.10414845080437321,-0.019616974358741938
1468.45703125,0.0,36.15568936627987,0.10166862942912389,-0.01958417718780905
1469.4580078125,0.0,36.174881622936766,0.09918898683055269,-0.01954947443442127
1470.458984375,0.0,36.19397806456968,0.09671031246087397,-0.01951287732197578
1471.4599609375,0.0,36.21297916952354,0.09423339640425868,-0.01947439722602413
1472.4609375,0.0,36.23188541375521,0.09175902905510155,-0.01943404567248126
1473.4619140625,0.0,36.25069727084539,0.08928800079618937,-0.01939183433582602
1474.462890625,0.0,36.269415212010486,0.08682110167689913,-0.01934777503729347
1475.4638671875,0.0,36.288039706114425,0.08435912109155513,-0.019301879743059108
1476.46484375,0.0,36.30657121968036,0.08190284745807344,-0.019254160562415294
1477.4658203125,0.0,36.32501021690241,0.07945306789702272,-0.019204629745940067
1478.466796875,0.0,36.34335715965725,0.07701056791122982,-0.01915329968365861
1479.4677734375,0.0,36.36161250751569,0.07457613106605819,-0.019100182903197538
1480.46875,0.0,36.37977671775419,0.07215053867048754,-0.01904529206793226
1481.4697265625,0.0,36.397850245366314,0.06973456945912203,-0.018988639975127602
1482.470703125,0.0,36.41583354307413,0.06732899927525465,-0.01893023955407201
1483.4716796875,0.0,36.43372706133953,0.06493460075511436,-0.018870103864205384
1484.47265625,0.0,36.45153124837555,0.0625521430134227,-0.018808246093240912
1485.4736328125,0.0,36.46924655015757,0.06018239133038562,-0.01874467955528108
1486.474609375,0.0,36.48687341043447,0.05782610684024589,-0.018679417688928016
1487.4755859375,0.0,36.5044122707398,0.05548404622152071,-0.018612474055388496
1488.4765625,0.0,36.521863570402786,0.05315696138904872,-0.01854386233657372
1489.4775390625,0.0,36.53922774655937,0.050845599187969534,-0.01847359633319417
1490.478515625,0.0,36.556505234163126,0.048550701089758494,-0.018401689962849695
1491.4794921875,0.0,36.5736964659962,0.04627300289043804,-0.01832815725811511
1492.48046875,0.0,36.590801872680096,0.04401323441108703,-0.01825301236462143
1493.4814453125,0.0,36.60782188268653,0.041772119200767364,-0.01817626953913307
1494.482421875,0.0,36.624756922348084,0.039550374241987325,-0.018097943147621143
1495.4833984375,0.0,36.641607415868954,0.03734870965881916,-0.018018047663333113
1496.484375,0.0,36.658373785335534,0.03516782842778811,-0.01793659766485899
1497.4853515625,0.0,36.67505645072701,0.03300842609164854,-0.01785360783419431
1498.486328125,0.0,36.69165582992587,0.030871190476161457,-0.017769092954800097
1499.4873046875,0.0,36.70817233872838,0.02875680140998737,-0.01768306790966001
1500.48828125,0.0,36.72460639085498,0.026665930447806213,-0.017595547679334956
1501.4892578125,0.0,36.74095839796067,0.02459924059677529,-0.01750654734001527
1502.490234375,0.0,36.75722876964531,0.022557386046434785,-0.017416082061570737
1503.4912109375,0.0,36.77341791346388,0.020541011902169094,-0.01732416710559872
1504.4921875,0.0,36.7895262349367,0.018550753922330382,-0.017230817823470496
1505.4931640625,0.0,36.80555413755957,0.016587238259129958,-0.017136049654376064
1506.494140625,0.0,36.82150202281389,0.014651081203400904,-0.01703987812336767
1507.4951171875,0.0,36.8373702901767,0.012742888933334376,-0.016942318839402188
1508.49609375,0.0,36.85315933713072,0.010863257267290025,-0.01684338749338259
1509.4970703125,0.0,36.868869559174286,0.009012771420779497,-0.016743099856198786
1510.498046875,0.0,36.88450134983122,0.0071920057677205135,-0.016641471776767863
1511.4990234375,0.0,36.900055100660765,0.005401523606056627,-0.01653851918007416
1512.5,0.0,36.915531201267335,0.0036418769278371704,-0.016434258065209165
1513.5009765625,0.0,36.93093003931028,0.0019136061938487131,-0.016328704503411614
1514.501953125,0.0,36.946252000513645,0.00021724011288880296,-0.016221874636107872
1515.5029296875,0.0,36.96149746867575,0.0,-0.016113784672952852
1516.50390625,0.0,36.976666825678876,0.0,-0.01600445088987168
1517.5048828125,0.0,36.99176045149879,0.0,-0.01589388962710229
1518.505859375,0.0,37.00677872421428,0.0,-0.015782117287239147
1519.5068359375,0.0,37.02172202001662,0.0,-0.01566915033327831
1520.5078125,0.0,37.036590713219,0.0,-0.015555005286664014
1521.5087890625,0.0,37.05138517626588,0.0,-0.015439698725336978
1522.509765625,0.0,37.06610577974237,0.0,-0.015323247281784674
1523.5107421875,0.0,37.080752892383444,0.0,-0.015205667641093643
1524.51171875,0.0,37.095326881083224,0.0,-0.01508697653900421
1525.5126953125,0.0,37.10982811090416,0.0,-0.014967190759967622
1526.513671875,0.0,37.12425694508617,0.0,-0.014846327135205947
1527.5146484375,0.0,37.13861374505573,0.0,-0.014724402540774827
1528.515625,0.0,37.15289887043496,0.0,-0.01460143389562931
1529.5166015625,0.0,37.1671126790506,0.0,-0.014477438159692988
1530.517578125,0.0,37.18125552694297,0.0,-0.014352432331930516
1531.5185546875,0.0,37.195327768374916,0.0,-0.014226433448423864
1532.51953125,0.0,37.20932975584067,0.0,-0.014099458580452317
1533.5205078125,0.0,37.22326184007468,0.0,-0.013971524832576528
1534.521484375,0.0,37.23712437006037,0.0,-0.013842649340726775
1535.5224609375,0.0,37.25091769303895,0.0,-0.01371284927029555
1536.5234375,0.0,37.26464215451804,0.0,-0.013582141814234745
1537.5244140625,0.0,37.27829809828035,0.0,-0.01345054419115757
1538.525390625,0.0,37.29188586639232,0.0,-0.013318073643445378
1539.5263671875,0.0,37.30540579921265,0.0,-0.013184747435359577
1540.52734375,0.0,37.31885823540084,0.0,-0.013050582851158829
1541.5283203125,0.0,37.332243511925675,0.0,-0.012915597193221674
1542.529296875,0.0,37.34556196407367,0.0,-0.012779807780174797
1543.5302734375,0.0,37.35881392545745,0.0,-0.012643231945027063
1544.53125,0.0,37.371999728024136,0.0,-0.012505887033309503
1545.5322265625,0.0,37.385119702063626,0.0,-0.012367790401221474
1546.533203125,0.0,37.3981741762169,0.0,-0.01222895941378306
1547.5341796875,0.0,37.41116347748423,0.0,-0.012089411442993983
1548.53515625,0.0,37.42408793123338,0.0,-0.01194916386599914
1549.5361328125,0.0,37.43694786120775,0.0,-0.011808234063260896
1550.537109375,0.0,37.44974358953449,0.0,-0.01166663941673839
1551.5380859375,0.0,37.46247543673259,0.0,-0.011524397308073926
1552.5390625,0.0,37.47514372172086,0.0,-0.011381525116786643
1553.5400390625,0.0,37.48774876182596,0.0,-0.011238040218473655
1554.541015625,0.0,37.50029087279034,0.0,-0.011093959983018742
1555.5419921875,0.0,37.512770368780124,0.0,-0.010949301772808834
1556.54296875,0.0,37.525187562393015,0.0,-0.010804082940958368
1557.5439453125,0.0,37.537542764666114,0.0,-0.010658320829541738
1558.544921875,0.0,37.54983628508369,0.0,-0.01051203276783393
1559.5458984375,0.0,37.562068431584976,0.0,-0.010365236070559518
1560.546875,0.0,37.574239510571815,0.0,-0.010217948036150197
1561.5478515625,0.0,37.58634982691642,0.0,-0.010070185945010942
1562.548828125,0.0,37.59839968396893,0.0,-0.009921967057794976
1563.5498046875,0.0,37.61038938356507,0.0,-0.009773308613687718
1564.55078125,0.0,37.622319226033675,0.0,-0.009624227828699766
1565.5517578125,0.0,37.63418951020422,0.0,-0.009474741893969157
1566.552734375,0.0,37.64600053341434,0.0,-0.009324867974072974
1567.5537109375,0.0,37.657752591517195,0.0,-0.009174623205348465
1568.5546875,0.0,37.66944597888897,0.0,-0.009024024694223826
1569.5556640625,0.0,37.68108098843622,0.0,-0.008873089515558725
1570.556640625,0.0,37.69265791160318,0.0,-0.008721834710994783
1571.5576171875,0.0,37.70417703837908,0.0,-0.008570277287316077
1572.55859375,0.0,37.71563865730543,0.0,-0.008418434214819812
1573.5595703125,0.0,37.72704305548323,0.0,-0.008266322425697342
1574.560546875,0.0,37.738390518580154,0.0,-0.00811395881242554
1575.5615234375,0.0,37.74968133083772,0.0,-0.00796136022616883
1576.5625,0.0,37.76091577507839,0.0,-0.007808543475191815
1577.5634765625,0.0,37.7720941327127,0.0,-0.007655525323282751
1578.564453125,0.0,37.783216683746254,0.0,-0.00750232248818794
1579.5654296875,0.0,37.794283706786764,0.0,-0.007348951640057158
1580.56640625,0.0,37.80529547905104,0.0,-0.007195429399900254
1581.5673828125,0.0,37.8162522763719,0.0,-0.007041772338055027
1582.568359375,0.0,37.82715437320512,0.0,-0.006887996972666476
1583.5693359375,0.0,37.83800204263627,0.0,-0.006734119768177597
1584.5703125,0.0,37.84879555638759,0.0,-0.006580157133831735
1585.5712890625,0.0,37.85953518482478,0.0,-0.006426125422186722
1586.572265625,0.0,37.87022119696374,0.0,-0.0062720409276407945
1587.5732421875,0.0,37.880853860477394,0.0,-0.0061179198849704965
1588.57421875,0.0,37.89143344170229,0.0,-0.0059637784678805905
1589.5751953125,0.0,37.90196020564536,0.0,-0.0058096327875661255
1590.576171875,0.0,37.9124344159905,0.0,-0.005655498891286755
1591.5771484375,0.0,37.922856335105195,0.0,-0.005501392760953399
1592.578125,0.0,37.93322622404712,0.0,-0.005347330311727347
1593.5791015625,0.0,37.943544342570604,0.0,-0.005193327390631905
1594.580078125,0.0,37.95381094913323,0.0,-0.005039399775176666
1595.5810546875,0.0,37.964026300902226,0.0,-0.0048855631719945175
1596.58203125,0.0,37.97419065376098,0.0,-0.004731833215491467
1597.5830078125,0.0,37.984304262315376,0.0,-0.004578225466509362
1598.583984375,0.0,37.99436737990024,0.0,-0.004424755411001616
1599.5849609375,0.0,38.00438025858563,0.0,-0.0042714384587220055
1600.5859375,0.0,38.01434314918319,0.0,-0.004118289941926637
1601.5869140625,0.0,38.024256301252414,0.0,-0.003965325114089157
1602.587890625,0.0,38.034119963106896,0.0,-0.003812559148629287
1603.5888671875,0.0,38.04393438182056,0.001434270169329642,-0.003660007137654775
1604.58984375,0.0,38.05369980323384,0.002961571403527749,-0.0035076840907168087
1605.5908203125,0.0,38.06341647195984,0.004508404934039326,-0.0033556049335790113
1606.591796875,0.0,38.07308463139047,0.006074047400998518,-0.003203784507000052
1607.5927734375,0.0,38.082704523702525,0.007657768422917287,-0.003052237565529971
1608.59375,0.0,38.09227638986377,0.009258830886820994,-0.002900978776320277
1609.5947265625,0.0,38.10180046963895,0.010876491241094667,-0.0027500227179478825
1610.595703125,0.0,38.11127700159585,0.012509999790922495,-0.00259938387925296
1611.5966796875,0.0,38.1207062231112,0.014158600996202052,-0.0024490766581907676
1612.59765625,0.0,38.13008837037667,0.015821533771813764,-0.002299115360697511
1613.5986328125,0.0,38.13942367840476,0.01749803179012535,-0.0021495141995703203
1614.599609375,0.0,38.14871238103471,0.01918732378560977,-0.00200028729336137
1615.6005859375,0.0,38.15795471093835,0.02088863386145461,-0.0018514486652862307
1616.6015625,0.0,38.167150899625916,0.02260118179804005,-0.001703012242146499
1617.6025390625,0.0,38.176301177451855,0.024324183363161545,-0.0015549918532667486
1618.603515625,0.0,38.185405773620595,0.026056850623872994,-0.0014074012294458752
1619.6044921875,0.0,38.1944649161923,0.02779839225982523,-0.0012602540019228741
1620.60546875,0.0,38.203478832088564,0.02954801387797434,-0.0011135637013571064
1621.6064453125,0.0,38.2124477470981,0.03130491832853345,-0.0009673437568230949
1622.607421875,0.0,38.22137188588241,0.03306830602204147,-0.0008216074948199068
1623.6083984375,0.0,38.23025147198138,0.03483737524742149,-0.0006763681382951586
1624.609375,0.0,38.23908672781893,0.0366113224909015,-0.0005316388056836895
1625.6103515625,0.0,38.247877874708514,0.03838934275566936,-0.0003874325099609469
1626.611328125,0.0,38.256625132858744,0.04017062988213399,-0.00024376215771111968
1627.6123046875,0.0,38.26532872137884,0.041954376868664336,-0.00010064054821006049
1628.61328125,0.0,38.27398885828418,0.04373977619267748,4.191962747696851e-05
1629.6142578125,0.0,38.28260576050168,0.04552602013194715,0.00018390578738269165
1630.615234375,0.0,38.29117964387531,0.04731230108600393,0.0003253054595103237
1631.6162109375,0.0,38.29971072317146,0.04909781189749805,0.00046610628269115134
1632.6171875,0.0,38.3081992120843,0.05088174617339621,0.0006062960074271622
1633.6181640625,0.0,38.31664532324119,0.05266329860588341,0.0007458624967186946
1634.619140625,0.0,38.325049268207955,0.05444166529284121,0.0008847937268770795
1635.6201171875,0.0,38.33341125749421,0.056216044057774,0.0010230777883222524
1636.62109375,0.0,38.34173150055863,0.057985634769054925,0.0011607028863653123
1637.6220703125,0.0,38.35001020581417,0.059749639658363385,0.0012976573419760027
1638.623046875,0.0,38.358247580633346,0.06150726363818667,0.0014339295925351024
1639.6240234375,0.07578336668045793,38.36644383135335,0.06325771461825816,0.0015695081925717002
1640.625,0.5839152727124954,38.374599163281296,0.06500020382080546,0.0017043818144853412
1641.6259765625,1.0914099544370126,38.38271378069931,0.06673394609448187,0.0018385392492530322
1642.626953125,1.5982177210516708,38.39078788686967,0.06845816022685543,0.0019719694071210873
1643.6279296875,2.1042889482645295,38.39882168403987,0.07017206925533029,0.002104661318281809
1644.62890625,2.6095740832707657,38.406815373447756,0.07187490077637555,0.0022366041335349883
1645.6298828125,3.114023649722217,38.41476915532646,0.07356588725293796,0.00236778712493422
1646.630859375,3.6175882526892487,38.42268322890953,0.07524426631991463,0.0024981996864180296
1647.6318359375,4.120218583614467,38.430557792435806,0.07690928108756397,0.0026278313344257963
1648.6328125,4.621865425257755,38.438393043154505,0.07856018044273269,0.002756671708498483
1649.6337890625,5.1224796566321595,38.446189177330055,0.08019621934777832,0.002884710571864155
1650.634765625,5.622012257930121,38.453946390247076,0.08181665913706726,0.003011937812008304
1651.6357421875,6.120414315439551,38.46166487621525,0.08342076781092966,0.00313834344122897
1652.63671875,6.617637026449294,38.469344828574215,0.08500782032695314,0.0032639175971766595
1653.6376953125,7.113631704143416,38.47698643969834,0.0865770988884986,0.0033886505433790796
1654.638671875,7.608349782483918,38.4845899010016,0.08812789323032236,0.003512532669750675
1655.6396484375,8.101742821081306,38.492155402942394,0.08965950090119022,0.0036355544930869923
1656.640625,8.593762510052574,38.49968313502825,0.09117122754337023,0.0037577066575438726
1657.6416015625,9.084360674866119,38.5071732858206,0.09266238716889168,0.003878979935101482
1658.642578125,9.57348928117305,38.514626042939526,0.09413230243246004,0.003999365226013201
1659.6435546875,10.061100439624457,38.522041593068415,0.09558030490091816,0.004118853559239367
1660.64453125,10.54714641067418,38.52942012195867,0.09700573531914573,0.004237436092865923
1661.6455078125,11.031579609366489,38.53676181443438,0.09840794387229032,0.004355104114507934
1662.646484375,11.514352610108329,38.54406685439687,0.09978629044422516,0.004471849041698048
1663.6474609375,11.995418151425547,38.55133542482939,0.10114014487212948,0.00458766242225988
1664.6484375,12.4747291407027,38.55856770780167,0.10246888719708994,0.00470253593466636
1665.6494140625,12.952238658905895,38.565763884474485,0.10377190791062221,0.004816461388383053
1666.650390625,13.42789996528828,38.57292413510416,0.10504860819701412,0.004929430724196501
1667.6513671875,13.90166650207761,38.58004863904713,0.10629840017139303,0.005041436014527579
1668.65234375,14.37349189914551,38.58713757476441,0.10752070711342215,0.005152469463729923
1669.6533203125,14.8433299786579,38.594191119826085,0.10871496369653189,0.005262523408373439
1670.654296875,15.31113475970618,38.60120945091572,0.10988061621259448,0.005371590317512931
1671.6552734375,15.776860462918627,38.60819274383481,0.11101712279195183,0.005479662792941872
1672.65625,16.24046151505163,38.61514117350721,0.11212395361870814,0.005586733569431369
1673.6572265625,16.701892553560256,38.62205491398346,0.11320059114120104,0.0056927955149543375
1674.658203125,17.16110843114768,38.62893413844518,0.11424653027756723,0.0057978416308949255
1675.6591796875,17.618064220293046,38.63577901920941,0.11526127861631952,0.005901865052243227
1676.66015625,18.072715217757324,38.64258972773291,0.11624435661185528,0.006004859047775331
1677.6611328125,18.525016949066632,38.64936643461646,0.11719529777481813,0.006106817020218728
1678.662109375,18.974925172972704,38.65610930960916,0.1181136488572355,0.006207732506403139
1679.6630859375,19.42239588588989,38.66281852161262,0.11899897003235949,0.00630759917739677
1680.6640625,19.867385326308437,38.66949423868526,0.11985083506913694,0.006406410838628096
1681.6650390625,20.3098499791834,38.67613662804648,0.12066883150124062,0.006504161429993164
1682.666015625,20.749746580298947,38.68274585608084,0.12145256079059233,0.00660084502594848
1683.6669921875,21.187032120607462,38.68932208834228,0.12220163848531312,0.006696455835589553
1684.66796875,21.621663850543086,38.6958654895582,0.122915694372037,0.0067909882027151
1685.6689453125,22.053599284309264,38.702376223633635,0.12359437262252707,0.0068844366058769995
1686.669921875,22.482796204139845,38.708854453655334,0.12423733193453543,0.006976795658416028
1687.6708984375,22.909212664533335,38.71530034189587,0.12484424566685004,0.007068060108483441
1688.671875,23.33280699645981,38.72171404981767,0.12541480196847477,0.007158224839048435
1689.6728515625,23.75353781154019,38.7280957380771,0.12594870390189056,0.007247284867891585
1690.673828125,24.17136400619735,38.73444556652845,0.12644566956034814,0.0073352353475842486
1691.6748046875,24.586244765778687,38.740763694227965,0.12690543217914582,0.0074220715654540826
1692.67578125,24.998139568649716,38.74705027943783,0.1273277402408468,0.007507788943536646
1693.6767578125,25.407008190258317,38.75330547963011,0.12771235757439497,0.007592383038513203
1694.677734375,25.812810707169227,38.75952945149071,0.128059063448088,0.007675849541634777
1695.6787109375,26.215507501068313,38.76572235092331,0.12836765265637198,0.007758184278632497
1696.6796875,26.6150592627363,38.77188433305326,0.12863793560042133,0.007839383209614336
1697.6806640625,27.011426995991485,38.77801555223145,0.12886973836247287,0.007919442428948273
1698.681640625,27.4045720216011,38.78411616203821,0.12906290277388316,0.007998358165131975
1699.6826171875,27.794455981160922,38.79018631528713,0.12921728647688283,0.008076126780649024
1700.68359375,28.181040840942707,38.7962261640289,0.1293327629800019,0.00815274477181182
1701.6845703125,28.56428889570909,38.802235859555104,0.1294092217071453,0.008228208768591165
1702.685546875,28.94416277249558,38.80821555240204,0.12944656804029747,0.008302515534432649
1703.6865234375,29.320625434359236,38.81416539235445,0.12944472335583973,0.008375661966059877
1704.6875,29.693640184093645,38.82008552844931,0.1294036250544657,0.00844764509326462
1705.6884765625,30.06317066790992,38.82597610897956,0.12932322658468248,0.008518462078683973
1706.689453125,30.429180879083244,38.831837281497755,0.1292034974598884,0.0085881102175646
1707.6904296875,30.791635161564585,38.837669192819874,0.12904442326902038,0.008656586937514092
1708.69140625,31.150498213557345,38.843471989028885,0.12884600568076632,0.008723889798239607
1709.6923828125,31.505735091058472,38.84924581547848,0.12860826244134144,0.008790016491273771
1710.693359375,31.8573112113637,38.85499081679669,0.12833122736582872,0.008854964839687991
1711.6943359375,32.20519235653663,38.86070713688951,0.12801495032308724,0.008918732797793214
1712.6953125,32.54934467684115,38.86639491894447,0.12765949721423436,0.008981318450828266
1713.6962890625,32.88973469413712,38.872054305434304,0.12726494994471044,0.009042720014635785
1714.697265625,33.22632930523866,38.87768543812042,0.126831406389937,0.009102935835325895
1715.6982421875,33.55909578523496,38.88328845805654,0.12635898035458235,0.00916196438892765
1716.69921875,33.88800179077309,38.88886350559217,0.12584780152545044,0.009219804281028383
1717.7001953125,34.21301536330271,38.89441072037613,0.1252980154180128,0.00927645424640102
1718.701171875,34.534104932282084,38.89993024136008,0.12470978331660361,0.009331913148619432
1719.7021484375,34.851239318345264,38.90542220680197,0.1240832822083031,0.009386179979661948
1720.703125,35.16438773643007,38.910886754269534,0.12341870471053476,0.009439253859503085
1721.7041015625,35.473519798866576,38.91632402064368,0.12271625899240604,0.009491134035693613
1722.705078125,35.778605518425735,38.92173414212197,0.1219761686898236,0.009541819882929018
1723.7060546875,36.07961531132786,38.92711725422203,0.12119867281441718,0.00959131090260648
1724.70703125,36.37652000021076,38.93247349178491,0.12038402565630885,0.009639606722370419
1725.7080078125,36.66929081705706,38.937802988978504,0.11953249668076595,0.00968670709564677
1726.708984375,36.9578994060805,38.943105879300866,0.11864437041877986,0.009732611901165991
1727.7099609375,37.24231782657101,38.94838229558359,0.11771994635161384,0.009777321142474994
1728.7109375,37.5225185556981,38.953632369995134,0.11675953878936633,0.009820834947438004
1729.7119140625,37.79847449127237,38.95885623404409,0.11576347674359852,0.009863153567726504
1730.712890625,38.070158954464965,38.964054018582544,0.11473210379407693,0.00990427737829835
1731.7138671875,38.33754569248451,38.96922585380929,0.11366577794968472,0.009944206876866134
1732.71484375,38.60060888121134,38.97437186927314,0.11256487150355686,0.009982942683354897
1733.7158203125,38.85932312778888,38.979492193876155,0.11142977088249795,0.010020485539349335
1734.716796875,39.113663473171705,38.984586955876836,0.11026087649074232,0.01005683630753052
1735.7177734375,39.36360539463012,38.9896562828934,0.10905860254811933,0.0100919959711023
1736.71875,39.609124808211135,38.994700301906924,0.10782337692268879,0.010125965633207463
1737.7197265625,39.85019807115531,38.99971913926457,0.10655564095791309,0.010158746516333738
1738.720703125,40.08680198426954,39.00471292068271,0.10525584929443592,0.010190339961709797
1739.7216796875,40.31891379425525,39.00968177125009,0.10392446968653823,0.010220747428691269
1740.72265625,40.54651119599201,39.014625815430975,0.10256198281334579,0.010249970494136973
1741.7236328125,40.769572334776214,39.01954517706826,0.10116888208486298,0.010278010851775397
1742.724609375,40.98807580851454,39.02443997938656,0.09974567344291167,0.010304870311561557
1743.7255859375,41.202000669872184,39.02931034499531,0.09829287515705382,0.010330550799024351
1744.7265625,41.41132642837545,39.034156395891834,0.09681101761558036,0.010355054354604482
1745.7275390625,41.61603305246856,39.03897825346439,0.09530064311164962,0.0103783831329831
1746.728515625,41.816100971524435,39.04377603849523,0.09376230562466131,0.010400539402401227
1747.7294921875,42.01151107780943,39.048549871163615,0.09219657059695334,0.010421525543970104
1748.73046875,42.20224472840148,39.05329987104882,0.09060401470591112,0.010441344050972547
1749.7314453125,42.38828374706186,39.05802615713314,0.08898522563158064,0.010459997528155442
1750.732421875,42.569610426060024,39.062728847804856,0.08734080181987826,0.010477488691013455
1751.7333984375,42.746207527951576,39.067408060861226,0.08567135224149242,0.010493820365064112
1752.734375,42.91805828730915,39.0720639135114,0.08397749614657347,0.010508995485114307
1753.7353515625,43.08514641240586,39.07669652237939,0.0822598628153101,0.010523017094518418
1754.736328125,43.2474560868514,39.081306003506974,0.08051909130449232,0.010535888344428035
1755.7373046875,43.404971971180444,39.0858924723566,0.07875583019016254,0.010547612493033542
1756.73828125,43.55767920439333,39.090456043814285,0.07697073730645765,0.010558192904797549
1757.7392578125,43.70556340544867,39.09499683219251,0.07516447948074702,0.010567633049680362
1758.740234375,43.84861067470798,39.09951495123302,0.07333773226517239,0.01057593650235758
1759.7412109375,43.986807595332024,39.10401051410977,0.07149117966469713,0.010583106941429898
1760.7421875,44.12014123462877,39.10848363343167,0.06962551386177403,0.010589148148625296
1761.7431640625,44.24859914535283,39.11293442124546,0.06774143493774173,0.010594064007993665
1762.744140625,44.3721693669563,39.11736298903851,0.0658396505910617,0.010597858505094026
1763.7451171875,44.49084042679072,39.12176944774158,0.06392087585250811,0.010600535726174443
1764.74609375,44.60460134126029,39.12615390773163,0.06198583279742553,0.010602099857344722
1765.7470703125,44.713441616925955,39.13051647883458,0.06003525025516889,0.010602555183742044
1766.748046875,44.81735125156041,39.13485727032806,0.05806986351584275,0.010601906088689637
1767.7490234375,44.91632073515394,39.13917639094414,0.056090414034457026,0.010600157052848601
1768.75,45.0103410508708,39.14347394887206,0.054097649132617914,0.010597312653362981
1769.7509765625,45.09940367595634,39.14775005176092,0.05209232169787335,0.010593377562998246
1770.751953125,45.18350058259449,39.152004806722445,0.05007518988083366,0.010588356549273245
1771.7529296875,45.262624238715695,39.15623832033355,0.04804701679018858,0.010582254473585795
1772.75390625,45.3367676087552,39.16045069863914,0.046008570185743,0.010575076290331999
1773.7548828125,45.405924154361514,39.16464204715466,0.04396062216959431,0.010566827046019403
1774.755859375,45.470087835055104,39.168812470868794,0.04190394887557511,0.010557511878374106
1775.7568359375,45.52925310883718,39.1729620742461,0.039839330157085816,0.01054713601544199
1776.7578125,45.58341493274854,39.177090961229595,0.037767549273442086,0.010535704774684119
1777.7587890625,45.63256876337835,39.18119923524336,0.03568939257486283,0.010523223562066444
1778.759765625,45.676710557322984,39.18528699919517,0.03360564918622504,0.01050969787114399
1779.7607421875,45.715836771594596,39.189354355479026,0.03151711068971207,0.010495133282139529
1780.76171875,45.7499443639797,39.193401405977745,0.02942457080648264,0.01047953546101698
1781.7626953125,45.779030793347474,39.197428252065514,0.027328825077487993,0.01046291015854955
1782.763671875,45.80309401990788,39.201434994610416,0.02523067054356517,0.010445263209382813
1783.7646484375,45.822132505419574,39.20542173397695,0.02313090542493456,0.010426600531092796
1784.765625,45.83614521334749,39.20938857002858,0.021030328800230192,0.010406928123239187
1785.7666015625,45.845131608970185,39.2133356021302,0.018929740285191274,0.010386252066413844
1786.767578125,45.84909165943693,39.217262929150635,0.01682993971114382,0.010364578521284633
1787.7685546875,45.848025833774464,39.22117064946513,0.014731726803401148,0.010341913727634783
1788.76953125,45.84193510284346,39.22505886095779,0.01263590085971214,0.010318264003397871
1789.7705078125,45.83082093924472,39.22892766102406,0.010543260428886037,0.010293635743688478
1790.771484375,45.81468531717508,39.23277714657313,0.00845460298972265,0.01026803541982875
1791.7724609375,45.7935307122331,39.23660741403041,0.006370724630376513,0.010241469578370901
1792.7734375,45.767360101174376,39.24041855933989,0.004292419728283552,0.010213944840115794
1793.7744140625,45.736176961616806,39.24421067796659,0.0022204806307784646,0.010185467899127729
1794.775390625,45.699985271695525,39.247983864898934,0.00015569733653082382,0.010156045521745543
1795.7763671875,45.658789509667756,39.25173821465111,0.0,0.01012568454559016
1796.77734375,45.61259465346755,39.25547382126546,0.0,0.010094391878568665
1797.7783203125,45.561406180210405,39.25919077831486,0.0,0.010062174497875083
1798.779296875,45.50523006564788,39.262889178904985,0.0,0.010029039448987939
1799.7802734375,45.4440727835723,39.266569115676724,0.0,0.009994993844664676
1800.78125,45.377941305171454,39.27023068080847,0.0,0.009960044863933159
1801.7822265625,45.306843098333516,39.273873966018414,0.0,0.009924199751080288
1802.783203125,45.23078612690221,39.277499062566854,0.0,0.009887465814637857
1803.7841796875,45.149778849882175,39.281106061258484,0.0,0.009849850426365804
1804.78515625,45.06383022059486,39.284695052444675,0.0,0.009811361020232926
1805.7861328125,44.97294968578474,39.28826612602573,0.0,0.009772005091395227
1806.787109375,44.87714718467616,39.291819371453116,0.0,0.009731790195171954
1807.7880859375,44.776433147980875,39.29535487773174,0.0,0.009690723946019492
1808.7890625,44.67081849685621,39.29887273342217,0.0,0.009648814016503195
1809.7900390625,44.56031464181417,39.302373026642826,0.0,0.009606068136267295
1810.791015625,44.444933481581536,39.30585584507222,0.0,0.009562494091002974
1811.7919921875,44.32468740191091,39.30932127595115,0.0,0.009518099721414743
1812.79296875,44.199589274343104,39.31276940608484,0.0,0.009472892922185236
1813.7939453125,44.069652454920735,39.31620032184518,0.0,0.009426881640938516
1814.794921875,43.93489078285337,39.31961410917286,0.0,0.009380073877202008
1815.7958984375,43.795318579134154,39.323010853579504,0.0,0.00933247768136722
1816.796875,43.65095064510819,39.32639064014984,0.0,0.009284101153649284
1817.7978515625,43.50180226099287,39.32975355354381,0.0,0.009234952443045485
1818.798828125,43.347889184350066,39.33309967799872,0.0,0.009185039746292919
1819.7998046875,43.18922764851065,39.33642909733132,0.0,0.009134371306825284
1820.80078125,43.025834360951194,39.339741894939905,0.0,0.009082955413729036
1821.8017578125,42.85772650162322,39.34303815380644,0.0,0.009030800400698934
1822.802734375,42.68492172123516,39.34631795649859,0.0,0.008977914644993158
1823.8037109375,42.50743813948704,39.349581385171824,0.0,0.008924306566388035
1824.8046875,42.32529434325823,39.35282852157144,0.0,0.00886998462613253
1825.8056640625,42.13850938474831,39.35605944703467,0.0,0.008814957325902616
1826.806640625,41.94710277957148,39.35927424249263,0.0,0.008759233206755613
1827.8076171875,41.75109450480428,39.36247298847244,0.0,0.008702820848084582
1828.80859375,41.55050499698726,39.365655765099184,0.0,0.008645728866572966
1829.8095703125,41.345355150080564,39.368822652097926,0.0,0.008587965915149475
1830.810546875,41.13566631337362,39.37197372879571,0.0,0.008529540681943405
1831.8115234375,40.92146028934925,39.37510907412356,0.0,0.008470461889240473
1832.8125,40.70275933150238,39.37822876661843,0.0,0.00841073829243926
1833.8134765625,40.47958614211347,39.38133288442521,0.0,0.008350378679008395
1834.814453125,40.25196386997715,39.384421505298654,0.0,0.00828939186744455
1835.8154296875,40.01991610808586,39.38749470660532,0.0,0.008227786706231388
1836.81640625,39.78346689126919,39.390552565325535,0.0,0.008165572072799564
1837.8173828125,39.542640693788876,39.393595158055305,0.0,0.008102756872487826
1838.818359375,39.29746242688971,39.39662256100826,0.0,0.008039350037505428
1839.8193359375,39.04795743630669,39.39963485001751,0.0,0.007975360525895845
1840.8203125,38.794151499728706,39.4026321005376,0.0,0.007910797320501949
1841.8212890625,38.53607082421885,39.40561438764638,0.0,0.007845669427932777
1842.822265625,38.27374204359166,39.40858178604687,0.0,0.00777998587753191
1843.8232421875,38.007192215747786,39.411534370069134,0.0,0.007713755720347645
1844.82421875,37.736448819965915,39.41447221367218,0.0,0.007646988028104998
1845.8251953125,37.46153975415268,39.41739539044577,0.0,0.00757969189217968
1846.826171875,37.18249333205049,39.42030397361227,0.0,0.007511876422574133
1847.8271484375,36.89933828040373,39.42319803602851,0.0,0.007443550746895706
1848.828125,36.612103736083604,39.42607765018759,0.0,0.007374724009337102
1849.8291015625,36.32081924317181,39.428942888220675,0.0,0.007305405369659149
1850.830078125,36.02551475000348,39.43179382189884,0.0,0.0072356040021760385
1851.8310546875,35.726220606169555,39.43463052263486,0.0,0.007165329094743102
1852.83203125,35.42296755947899,39.43745306148497,0.0,0.007094589847747215
1853.8330078125,35.115786752881014,39.44026150915068,0.0,0.00702339547309994
1854.833984375,34.804709721347876,39.443055935980524,0.0,0.006951755193233485
1855.8349609375,34.48976838871815,39.44583641197183,0.0,0.006879678240099599
1856.8359375,34.17099506450126,39.44860300677249,0.0,0.006807173854171452
1857.8369140625,33.848422440643226,39.45135578968265,0.0,0.006734251283448638
1858.837890625,33.52208358825409,39.45409482965652,0.0,0.006660919782465366
1859.8388671875,33.19201195429744,39.45682019530405,0.0,0.006587188611301925
1860.83984375,32.8582413582422,39.459531954892654,0.0,0.006513067034599536
1861.8408203125,32.52080598867707,39.46223017634894,0.0,0.006438564320578655
1862.841796875,32.179740399888004,39.46491492726041,0.0,0.006363689740060833
1863.8427734375,31.835079508399094,39.46758627487712,0.0,0.00628845256549422
1864.84375,31.48685858947706,39.47024428611341,0.0,0.0062128620699827735
1865.8447265625,31.13511327359986,39.47288902754954,0.0,0.006136927526319303
1866.845703125,30.779879542889653,39.4755205654334,0.0,0.006060658206022384
1867.8466796875,30.421193727510577,39.47813896568211,0.0,0.005984063378377285
1868.84765625,30.059092502031575,39.480744293883745,0.0,0.005907152309480929
1869.8486328125,29.693612881754813,39.48333661529891,0.0,0.0058299342612910246
1870.849609375,29.324792219009847,39.48591599486242,0.0,0.0057524184906794056
1871.8505859375,28.952668199414074,39.488482497184904,0.0,0.005674614248489705
1872.8515625,28.57727883809978,39.49103618655444,0.0,0.005596530778599408
1873.8525390625,28.198662475908154,39.49357712693814,0.0,0.005518177316986383
1874.853515625,27.816857775550638,39.49610538198379,0.0,0.005439563090799956
1875.8544921875,27.431903717738084,39.49862101502139,0.0,0.00536069731743662
1876.85546875,27.043839597278,39.5011240890648,0.0,0.005281589203620459
1877.8564453125,26.65270501914032,39.50361466681329,0.0,0.005202247944488349
1878.857421875,26.2585398944921,39.506092810653094,0.0,0.005122682722680017
1879.8583984375,25.861384436701513,39.508558582659,0.0,0.005042902707433038
1880.859375,25.46127915731162,39.511012044595894,0.0,0.004962917053682843
1881.8603515625,25.058264861984156,39.51345325792032,0.0,0.004882734901167819
1882.861328125,24.65238264641394,39.51588228378198,0.0,0.004802365373539544
1883.8623046875,24.243673892214165,39.51829918302532,0.0,0.004721817577478281
1884.86328125,23.83218026277305,39.52070401619102,0.0,0.00464110060181373
1885.8642578125,23.41794369908224,39.52309684351751,0.0,0.004560223516651196
1886.865234375,23.001006415537415,39.52547772494249,0.0,0.004479195372503158
1887.8662109375,22.581410895711475,39.52784672010444,0.0,0.0043980251994263685
1888.8671875,22.159199888100765,39.53020388834409,0.0,0.004316722006164522
1889.8681640625,21.734416401844733,39.532549288705916,0.0,0.004235294779296561
1890.869140625,21.307103702419475,39.53488297993964,0.0,0.004153752482390691
1891.8701171875,20.877305307305594,39.53720502050166,0.0,0.004072104055164181
1892.87109375,20.44506498163083,39.539515468556544,0.0,0.003990358412648985
1893.8720703125,20.01042673378778,39.54181438197849,0.0,0.0039085244443632745
1894.873046875,19.573434811027376,39.54410181835276,0.0,0.003826611013488936
1895.8740234375,19.134133695028304,39.54637783497713,0.0,0.003744626956055083
1896.875,18.69256809744299,39.548642488863315,0.0,0.003662581080127669
1897.8759765625,18.24878295542053,39.55089583673843,0.0,0.003580482165005237
1898.876953125,17.802823427107008,39.55313793504635,0.0,0.003498338960420878
1899.8779296875,17.354734887123676,39.555368839949196,0.0,0.0034161601857504477
1900.87890625,16.90456292202344,39.55758860732868,0.0,0.0033339545292271158
1901.8798828125,16.452353325726097,39.55979729278755,0.0,0.0032517306471622777
1902.880859375,15.998152094932793,39.56199495165096,0.0,0.003169497163172909
1903.8818359375,15.542005424520166,39.564181638967845,0.0,0.0030872626674154084
1904.8828125,15.083959702914624,39.566357409512335,0.0,0.0030050357158259745
1905.8837890625,14.624061507447209,39.568522317785096,0.0,0.002922824829367579
1906.884765625,14.162357599689548,39.57067641801471,0.0,0.0028406384932835927
1907.8857421875,13.698894920771343,39.57281976415902,0.0,0.002758485156358095
1908.88671875,13.23372058667983,39.5749524099065,0.0,0.0026763732301829496
1909.8876953125,12.766881883541751,39.5770744086776,0.0,0.002594311088431658
1910.888671875,12.298426262888267,39.579185813626054,0.0,0.0025123070661400653
1911.8896484375,11.828401336903266,39.58128667764024,0.0,0.002430369458993966
1912.890625,11.356854873655598,39.58337705334451,0.0,0.002348506522623633
1913.8916015625,10.883834792315678,39.58545699310048,0.0,0.0022667264719053474
1914.892578125,10.409389158356936,39.58752654900836,0.0,0.002185037480269942
1915.8935546875,9.933566178742604,39.58958577290826,0.0,0.0021034476790184314
1916.89453125,9.456414197098338,39.59163471638148,0.0,0.0020219651566447507
1917.8955078125,8.977981688871129,39.59367343075181,0.0,0.0019405979581656515
1918.896484375,8.498317256474984,39.59570196708681,0.0,0.0018593540844578016
1919.8974609375,8.017469624423914,39.59772037619909,0.0,0.001778241491602121
1920.8984375,7.535487634452663,39.59972870864759,0.0,0.001697268090235394
1921.8994140625,7.052420240625687,39.60172701473884,0.0,0.0016164417449092043
1922.900390625,6.568316504434877,39.60371534452822,0.0,0.0015357702734562194
1923.9013671875,6.0832255898865135,39.605693747821206,0.0,0.0014552614463638667
1924.90234375,5.597196758577941,39.60766227417463,0.0,0.0013749229861554364
1925.9033203125,5.110279364764462,39.60962097289793,0.0,0.0012947625667786475
1926.904296875,4.6225228504169396,39.61156989305435,0.0,0.0012147878130017026
1927.9052734375,4.133976740270615,39.61350908346222,0.0,0.001135006299816879
1928.90625,3.644690636865606,39.615438592696115,0.0,0.0010554255518516712
1929.9072265625,3.1547142155796277,39.61735846908815,0.0,0.0009760530427875283
1930.908203125,2.664097219653402,39.619268760729106,0.0,0.0008968961947862136
1931.9091796875,2.1728894552092544,39.62116951546971,0.0,0.0008179623779238087
1932.91015625,1.6811407862634193,39.623060780921776,0.0,0.000739258909632401
1933.9111328125,1.1889011297325234,39.62494260445943,0.0,0.0006607930541494752
1934.912109375,0.6962204504347782,39.626815033220296,0.0,0.0005825720219750358
1935.9130859375,0.20314875608636251,39.62867811410666,0.0,0.0005046029693364882
1936.9140625,0.0,39.63053189378666,0.0,0.0004268929976613026
1937.9150390625,0.0,39.63237641869544,7.773568517419407e-05,0.0003494491530574825
1938.916015625,0.0,39.63421173503633,0.0020271689576389527,0.00027227842580186386
1939.9169921875,0.0,39.63603788878199,0.003979683778071898,0.0001953877498362636
1940.91796875,0.0,39.63785492567558,0.005934478200343247,0.0001187840022715004
1941.9189453125,0.0,39.63966289123188,0.00789074946178399,4.2474002899308086e-05
1942.919921875,0.0,39.641461830738436,0.009847694304423144,-3.353548628784073e-05
1943.9208984375,0.0,39.64325178925672,0.011804509296425937,-0.0001092377615689809
1944.921875,0.0,39.64503281162323,0.013760391153604085,-0.00018462617795895437
1945.9228515625,0.0,39.64680494245063,0.015714537060869276,-0.000259694149664746
1946.923828125,0.0,39.648568226128845,0.017666144993501044,-0.0003344351505338407
1947.9248046875,0.0,39.65032270682621,0.019614414038100266,-0.0004088427144945863
1948.92578125,0.0,39.65206842849053,0.021558544713099627,-0.0004829104359885495
1949.9267578125,0.0,39.653805434850234,0.023497739288702597,-0.0005566319703948493
1950.927734375,0.0,39.65553376941542,0.025431202106122694,-0.0006300010344464607
1951.9287109375,0.0,39.65725347547898,0.027358139895995087,-0.0007030114066384714
1952.9296875,0.0,39.65896459611766,0.029277762095832896,-0.0007756569276282861
1953.9306640625,0.0,39.66066717419317,0.031189281166400948,-0.0008479315006277673
1954.931640625,0.0,39.66236125235321,0.033091912906880225,-0.0009198290917873019
1955.9326171875,0.0,39.66404687303259,0.034984876768696646,-0.0009913437305717897
1956.93359375,0.0,39.665724078454254,0.03686739616788843,-0.0010624695101285446
1957.9345703125,0.0,39.66739291063036,0.038738698795886754,-0.0011332005876471035
1958.935546875,0.0,39.66905341136334,0.04059801692858534,-0.0012035311847109374
1959.9365234375,0.0,39.670705622246906,0.042444587733574846,-0.0012734555876410586
1960.9375,0.0,39.67234958466713,0.04427765357541908,-0.0013429681478315254
1961.9384765625,0.0,39.67398533980348,0.046096462318850714,-0.0014120632820768377
1962.939453125,0.0,39.67561292862981,0.04790026762976475,-0.001480735472891222
1963.9404296875,0.0,39.67723239191545,0.049688329273889435,-0.0015489792688198095
1964.94140625,0.0,39.67884377022619,0.05145991341301462,-0.0016167892847416992
1965.9423828125,0.0,39.68044710392527,0.0532142928986589,-0.0016841602021649147
1966.943359375,0.0,39.68204243317445,0.05495074756305807,-0.0017510867695132543
1967.9443359375,0.0,39.683629797934984,0.056668564507357876,-0.0018175638024050319
1968.9453125,0.0,39.68520923796862,0.05836703838689587,-0.0018835861839237224
1969.9462890625,0.0,39.6867807928386,0.06004547169345784,-0.001949148864880503
1970.947265625,0.0,39.68834450191065,0.06170317503439581,-0.0020142468640687067
1971.9482421875,0.0,39.689900404353956,0.06333946740849568,-0.0020788752685101867
1972.94921875,0.0,39.69144853914219,0.06495367647848384,-0.0021430292336936043
1973.9501953125,0.0,39.692988945054424,0.06654513884006379,-0.0022067039838046406
1974.951171875,0.0,39.69452166067614,0.06811320028737465,-0.0022698948119481465
1975.9521484375,0.0,39.696046724400176,0.06965721607476538,-0.0023325970803622373
1976.953125,0.0,39.69756417442772,0.07117655117477958,-0.002394806220624342
1977.9541015625,0.0,39.69907404876922,0.07267058053224774,-0.00245651773384922
1978.955078125,0.0,39.700576385245384,0.07413868931438485,-0.002517727190878952
1979.9560546875,0.0,39.70207122148809,0.07558027315679312,-0.0025784302324649237
1980.95703125,0.0,39.70355859494135,0.07699473840527168,-0.0026386225694418086
1981.9580078125,0.0,39.70503854286224,0.0783815023533355,-0.002698299982893574
1982.958984375,0.0,39.70651110232183,0.0797399934753491,-0.00275745832431151
1983.9599609375,0.0,39.70797631020612,0.08106965165518129,-0.002816093515744308
1984.9609375,0.0,39.709434203216965,0.08236992841028919,-0.002874201549940205
1985.9619140625,0.0,39.71088481787299,0.08364028711114198,-0.0029317784904812063
1986.962890625,0.0,39.71232819051049,0.08488020319589609,-0.002988820471909401
1987.9638671875,0.0,39.71376435728438,0.08608916438023634,-0.0030453236998453986
1988.96484375,0.0,39.71519335416907,0.08726667086229807,-0.003101284451098901
1989.9658203125,0.0,39.716615216959354,0.08841223552258913,-0.0031566990737714232
1990.966796875,0.0,39.71802998127134,0.08952538411883071,-0.003211563987351197
1991.9677734375,0.0,39.71943768254332,0.09060565547563948,-0.0032658756828002687
1992.96875,0.0,39.72083835603668,0.09165260166897479,-0.0033196307226338105
1993.9697265625,0.0,39.72223203683675,0.09266578820527704,-0.0033728257409916867
1994.970703125,0.0,39.7236187598537,0.09364479419522538,-0.0034254574437022726
1995.9716796875,0.0,39.724998559823426,0.09458921252204515,-0.0034775226083385677
1996.97265625,0.0,39.72637147130841,0.09549865000429757,-0.0035290180842666294
1997.9736328125,0.0,39.72773752869858,0.09637272755308653,-0.003579940792686336
1998.974609375,0.0,39.72909676621218,0.09721108032361912,-0.003630287726664529
1999.9755859375,0.0,39.730449217896606,0.09801335786105973,-0.003680055951160533
2000.9765625,0.0,39.7317949176293,0.0987792242406187,-0.0037292426030441214
2001.9775390625,0.0,39.73313389911857,0.09950835820181966,-0.0037778448911059003
2002.978515625,0.0,39.73446619590442,0.10020045327689174,-0.0038258600960602066
2003.9794921875,0.0,39.73579184135944,0.10085521791323497,-0.0038732855705404822
2004.98046875,0.0,39.7371108686896,0.10147237558991015,-0.003920118739087214
2005.9814453125,0.0,39.73842331093507,0.10205166492810613,-0.003966357098128424
2006.982421875,0.0,39.739729200971105,0.1025928397955404,-0.004011998215952776
2007.9833984375,0.0,39.741028571508814,0.10309566940475115,-0.00405703973267531
2008.984375,0.0,39.742321455096004,0.10355993840524126,-0.00410147936019584
2009.9853515625,0.0,39.743607884118,0.10398544696943753,-0.004145314882150068
2010.986328125,0.0,39.74488789079843,0.10437201087243046,-0.004188544153853411
2011.9873046875,0.0,39.746161507200064,0.10471946156546273,-0.004231165102237616
2012.98828125,0.0,39.74742876522559,0.10502764624313675,-0.004273175725780184
2013.9892578125,0.0,39.74868969661845,0.10529642790431473,-0.004314574094426603
2014.990234375,0.0,39.74994433296358,0.10552568540668641,-0.004355358349505511
2015.9912109375,0.0,39.75119270568824,0.10571531351498285,-0.004395526703636721
2016.9921875,0.0,39.75243484606281,0.10586522294281671,-0.0044350774406322485
2017.9931640625,0.0,39.75367078520155,0.1059753403881327,-0.004474008915390291
2018.994140625,0.0,39.75490055406336,0.10604560856225326,-0.00451231955378226
2019.9951171875,0.0,39.75612418345263,0.10607598621250874,-0.004550007852532884
2020.99609375,0.0,39.757341704019915,0.10606644813844203,-0.004587072379093406
2021.9970703125,0.0,39.75855314626278,0.10601698520158184,-0.004623511771507958
2022.998046875,0.0,39.75975854052652,0.10592760432878057,-0.004659324738273108
2023.9990234375,0.0,39.76095791700494,0.10579832850911508,-0.004694510058190636
2025.0,0.0,39.76215130574112,0.10562919678435202,-0.004729066580213622
