Time,Avg_Intelligence,Truth_Adoption,Avg_Suppression,Civilization_Oscillation,Avg_EM_Influence,Avg_Quantum_Correlation,Tunneling_Events
0,5.0,1.0,7.5,0.05,0.0,0.0,0.0
1,-11.68004965373559,3.4984384759525295,7.8342206837553565,0.045500000000000006,1.5971458703589911,0.3200000000000002,0.0
2,-15.045875745250692,5.9794600998786445,6.673827205180231,0.0369275,20.17823305198877,0.25435717778998695,2.0
3,-16.111391600662238,8.424815660173692,5.997772102045677,0.025074387500000003,-0.04529028249366078,0.04003970672083183,2.0
4,-18.98672713515743,10.81862404762241,5.891972590915802,0.011023845687500002,-1.410599641796711,0.03207493932337417,2.0
5,-23.790130833570622,13.148210942420256,5.784996303491509,-0.003948589527812499,-0.38975986366995696,0.0355978317216699,2.0
6,-29.29145023565519,15.40443260636992,4.9414815656646045,-0.018490789509545313,-0.25045411696337794,0.04185192981281758,3.0
7,-33.22778546925217,17.581544414056985,5.314980535441496,-0.03129610743551038,-0.13138119125994302,0.051084832454792825,2.0
8,-39.8334303955899,19.67676078451355,5.480120718216897,-0.041220749102649695,-0.057672292699934916,0.06376931203167144,1.0
9,-46.228382942385934,21.689668641725724,5.235970036525744,-0.04738590014221484,-0.02363516359299119,0.08003865682530624,1.0
10,-52.100758198423854,23.621623523710095,4.945174555388537,-0.049255494413782824,-0.01437857728468363,0.09958287409058193,1.0
11,-57.422099749367156,25.475207878040234,4.652218768792751,-0.046682746216752516,-0.016005897086634458,0.121774068080108,1.0
12,-59.299716603075936,27.25378703107331,4.367357698582204,-0.03992141460119963,-0.019082864640158383,0.14580006401359363,1.0
13,-61.91548178169878,28.961168406647616,3.562371501999776,-0.029600962329616537,-0.018760573781267116,0.17071128767160765,2.0
14,-64.01504626222257,30.601353414684432,3.3138677026990377,-0.016668025709725875,-0.013620346748941695,0.1954512963313789,2.0
15,-65.38553008111157,32.17836510657499,1.9182479407467987,-0.0022996314590593373,-0.004308669615125512,0.21895211474456544,5.0
16,178.42982417231778,33.69613409429773,2.6309264097466416,0.012203887651669208,0.007590581085377156,0.24028607448813227,3.0
17,180.05800815727628,35.15842733522122,2.148536670567605,0.02553653927819388,0.0203271820025844,0.2588047232272196,4.0
18,182.13158516086824,36.568807373445296,1.92875578440268,0.03650423911154849,0.03242524083696318,0.27420507973789865,4.0
19,184.1015436208486,37.93061257053486,2.2254902868760618,0.04413171892569695,0.042870421614699304,0.28650983933504237,3.0
20,186.47514594981175,39.24695136886424,1.7973118625565465,0.04774920663746195,0.05112779427593034,0.2959870770892481,4.0
21,189.57734055040413,40.52070561508592,1.3112807118940746,0.04705117831329655,0.05706381556046889,0.30304816581233934,5.0
22,193.00556318208888,41.75453946760731,1.2199247425096367,0.042122034082555285,0.060828941744372034,0.3081550957390161,5.0
23,196.5377210935356,42.95091150547835,1.1529317924515183,0.03342655250553775,0.06273908615571419,0.31175313966967616,5.0
24,200.133400654823,44.11208843754478,1.0912779017828669,0.02176615861090691,0.06317747213145802,0.31412002423406415,5.0
25,203.76933837072175,45.24015935974411,1.0335618333649244,0.008205112410767601,0.06252482781294427,0.3155432774681651,5.0
26,207.42906647151213,46.337049888772825,0.9793243186090328,-0.006026588675340094,0.06111852586971438,0.31651836696704866,5.0
27,211.10113433305042,47.40453576049556,0.9282112539772205,-0.01964473827523664,0.05923491924054318,0.3171886125519766,5.0
28,214.7778725754193,48.444255657071544,0.8799275056527053,-0.03142677068236241,0.05708499070363574,0.31763545892218004,5.0
29,218.45436163289278,49.45772314353947,0.8342273864262791,-0.04032148356603993,0.05482065561959563,0.317957469829936,5.0
30,222.12759513903316,50.44633767077825,0.79090619550402,-0.04554278936435547,0.052545375970783,0.31818732090221175,5.0
31,225.7958492949253,51.411394650169335,0.7497923956673216,-0.04663913759088744,0.050325268921031695,0.31834868061532917,5.0
32,229.45822918355285,52.35409463486634,0.7107404800909778,-0.04353248169310688,0.04819935764072049,0.31847673632125983,5.0
33,233.11434961941535,53.27555165952258,0.6736249487523767,-0.036523435722435604,0.046188018276449846,0.31858678482105107,5.0
34,236.76412243322298,54.17680079890409,0.6383356007344104,-0.026262325766598482,0.04429933511876067,0.31868687596954365,5.0
35,240.40761911306808,55.05880500894893,0.6047738986445037,-0.013688912041546682,0.04253369054502663,0.3187776279949491,5.0
36,244.04498666116555,55.92246131351376,0.5728502818275556,5.3636698619061174e-05,0.04088694858476777,0.3188595891991623,5.0
37,247.67639804499103,56.76860639762411,0.5424822161295884,0.013722645392208261,0.03935256984229137,0.31893347493048996,5.0
38,251.30202460462297,57.59802166441606,0.5135928222218961,0.02608827095703077,0.03792294509247351,0.3190000648836102,5.0
39,254.92202191673132,58.41143780872166,0.48610992397067554,0.0360441240078964,0.03659019721216779,0.3190601353677616,5.0
40,258.5365236078733,59.209538955796795,0.4599653892790177,0.04270622663279702,0.035346636333004916,0.3191144189457596,5.0
41,262.1456396741859,59.99296640926277,0.43509466826181953,0.04549145834762141,0.03418499732018437,0.3191635837827977,5.0
42,265.7494572247162,60.76232204808244,0.4114364611872376,0.04416853265258575,0.03309854587634713,0.31920822610678157,5.0
43,269.30093404047926,61.51817140840276,0.43604085679798016,0.038877053647292555,0.03208110876955847,0.3192488706733154,4.0
44,272.82429348198986,62.26104648241085,0.4165615211879688,0.030113097208769493,0.03112706261714259,0.31928597560521277,4.0
45,276.3442470793235,62.99144826298511,0.3937461318781092,0.018682781803649795,0.03023130184746131,0.31931993921710145,4.0
46,279.863032625463,63.70984905987364,0.37161787380274414,0.005628167613227212,0.02938919774242364,0.31935110737168165,4.0
47,283.33144734161493,64.41669461038643,0.39976409358519194,-0.007867708591433707,0.02859655514364704,0.3193797805633916,3.0
48,286.77513141044557,65.11240600512542,0.38174175195781246,-0.020588011641842287,0.0278495702633214,0.3194062203431511,3.0
49,290.21907792147096,65.79738144707648,0.3601242595399016,-0.031391792129233015,0.027144791244528614,0.319430654947419,3.0
50,293.6653553876493,66.47199786042465,0.3391196447474723,-0.03931629242255582,0.026479082123962307,0.3194532841314225,3.0
51,297.06499102367377,67.13661236370795,0.3679064766945089,-0.04366270389638199,0.025849590324835237,0.3194742832724812,2.0
52,300.44374016005014,67.79156362037095,0.3508861740685367,-0.044057739962164645,0.02525371754559395,0.3194938068344492,2.0
53,303.8256716384622,68.43717307839941,0.33026383147087024,-0.04048560425102357,0.024689093791868528,0.3195119912875158,2.0
54,307.16303961944584,69.07374610949029,0.3597996462967061,-0.03328762483584608,0.024153554257235678,0.31952895757042044,1.0
55,310.48250168731795,69.70157305712195,0.3427545295522113,-0.023129749082518334,0.02364511875539081,0.31954481317102335,1.0
56,313.80794392403396,70.32093020192086,0.3220368660015617,-0.010940985290530576,0.023161973421930902,0.3195596538894153,1.0
57,317.0921196615902,70.93208065186039,0.35083499091391257,0.0021715233586449955,0.022702454427427417,0.31957356533692144,0.0
58,320.3614978491895,71.53527516406139,0.33367054055995354,0.01502303236229664,0.02226503346930591,0.31958662421496753,0.0
59,323.6392372598129,72.13075290428301,0.3128993040165383,0.02645821090832333,0.02184830483551517,0.31959889940993386,0.0
60,326.9268670757973,72.71874214958505,0.2927086831639471,0.035454974579870784,0.021450973856797607,0.3196104529336774,0.0
61,330.2238266125763,73.29946093910209,0.27347155710029664,0.041215806720872133,0.021071846586058318,0.3196213407341518,0.0
62,333.52938513565067,73.87311767738689,0.2551815595440413,0.04323841209628998,0.0207098205627494,0.31963161339629725,0.0
63,336.8428315630274,74.43991169434953,0.23779650244523073,0.04135944735616464,0.020363876537409183,0.3196413167499043,0.0
64,340.1634917406658,75.00003376543319,0.22127261892898709,0.03576752717768511,0.020033071046679812,0.319650492398348,0.0
65,343.4907285600043,75.55366659532267,0.2055678926910905,0.02698448915410632,0.01971652974246018,0.3196591781797829,0.0
66,346.8239404201738,76.10098526817313,0.1906423003711632,0.015816762296775852,0.01941344139053473,0.31966740857051346,0.0
67,350.16255958243454,76.64215766706907,0.17645774937533773,0.0032813654670222105,0.01912305246423966,0.31967521503869806,0.0
68,353.5060505705889,77.1773448651754,0.162977989220715,-0.009486677270614662,0.018844662267664746,0.31968262635527633,0.0
69,356.8539086317728,77.7067014908189,0.15016852403969932,-0.02133707884020803,0.01857761853069975,0.31968966886794314,0.0
70,360.20565825797894,78.23037606853738,0.13799652884456695,-0.03120789130633471,0.018321313425062574,0.3196963667431171,0.0
71,363.56085176714714,78.74851133795293,0.1264307696545171,-0.03822063949256063,0.018075179956416897,0.31970274218011496,0.0
72,366.91906794241623,79.26124455216275,0.1154415273432439,-0.04175846638352497,0.01783868869291171,0.3197088156011293,0.0
73,370.27991072803536,79.7687077571934,0.10500052504618687,-0.041520342165517234,0.017611344795049822,0.31971460582008837,0.0
74,373.64300798036527,80.271028053932,0.0950808589701983,-0.03754657777370299,0.017392685315801914,0.31972013019304607,0.0
75,377.008010272356,80.768327843827,0.08565693245408894,-0.030213490204214544,0.0171822767433996,0.31972540475237765,0.0
76,380.3745897498501,81.26072505954286,0.07670439313436306,-0.020197853954194232,0.016979712762329745,0.31973044432674724,0.0
77,383.7424390380437,81.74833338165406,0.0682000730761916,-0.008414489029546543,0.016784612210767637,0.3197352626485492,0.0
78,387.11127019642703,82.23126244237433,0.06012193173528267,0.004067263083137096,0.01659661721507591,0.3197398724502978,0.0
79,390.4808137205258,82.70961801723624,0.052449001621776827,0.016120552757774978,0.016415391484102242,0.31974428555124657,0.0
80,393.850817588775,83.18350220556182,0.04516133654260856,0.02666272623583992,0.016240618747866066,0.31974851293535766,0.0
81,397.221046352871,83.65301360049817,0.03823996230394169,0.034752543485288945,0.016072001326865336,0.31975256482159176,0.0
82,400.5912802699694,84.11824744933077,0.031666829760286314,0.039674182734814725,0.015909258819685294,0.3197564507273759,0.0
83,403.96131447512414,84.57929580473126,0.025424770101751027,0.04100053734195955,0.015752126897875786,0.319760179525995,0.0
84,407.3309581923907,85.03624766754594,0.019497452275560632,0.03863021181529229,0.015600356198202218,0.31976375949856356,0.0
85,410.70003398305454,85.4891891216843,0.013869342442492969,0.03279501885288206,0.015453711303386203,0.3197671983811571,0.0
86,414.0683770294783,85.93820346162508,0.008525665373239635,0.024037450158524494,0.015311969803349885,0.3197705034076101,0.0
87,417.4358344531046,86.3833713130177,0.0034523676938949255,0.013160298793371512,0.015174921429776906,0.3197736813484337,0.0
88,420.8022646651869,86.82477074682225,-0.0013639171061860702,0.0011531062936408591,0.015042367257514854,0.31977673854624766,0.0
89,424.16753674886814,87.26247738739775,-0.0059359019870375476,-0.010897829810018817,0.014914118966978506,0.3197796809480808,0.0
90,427.5315298712637,87.69656451491913,-0.01027567807038721,-0.0219077065502585,0.014789998162280021,0.31978251413485353,0.0
91,430.894132724254,88.12710316247558,-0.014394744827181569,-0.03089084031727372,0.014669835740318765,0.31978524334831915,0.0
92,434.2552429927297,88.55416220817783,-0.018304038812463348,-0.03704888278689923,0.014553471306516436,0.3197878735157111,0.0
93,437.6147668490814,88.97780846257865,-0.02201396101643798,-0.03984173559335568,0.014440752633289658,0.31979040927231916,0.0
94,440.97261847276377,89.39810675168962,-0.025534402897411455,-0.039034867932377836,0.014331535157715986,0.3197928549821903,0.0
95,444.3287195938098,89.81511999585742,-0.02887477115925615,-0.03471889649579088,0.014225681515176508,0.31979521475712935,0.0
96,447.6829990592117,90.22890928474474,-0.03204401133316973,-0.027299804231765677,0.014123061106052031,0.3197974924741591,0.0
97,451.0353924211262,90.63953394864464,-0.0350506302207211,-0.01746082504820169,0.014023549692814302,0.3197996917915813,0.0
98,454.38584154590325,91.04705162634082,-0.03790271725252933,-0.006099566506217369,0.013927029025091816,0.3198018161637638,0.0
99,457.7342942429761,91.45151832971312,-0.04060796481438696,0.005753846728616592,0.013833386490504663,0.3198038688547701,0.0
100,461.0807039126892,91.85298850527352,-0.043173687590219036,0.01703014669170089,0.013742514789256578,0.3198058529509319,0.0
101,464.4250292121792,92.25151509280603,-0.04560684096895477,0.026717351952716687,0.01365431163064744,0.3198077713724604,0.0
102,467.7672337384598,92.64714958127279,-0.04791403856017769,0.033951559511682904,0.013568679449828005,0.3198096268841761,0.0
103,471.1072857278974,93.03994206213764,-0.050101568861310106,0.03809395567680283,0.013485525143261743,0.3198114221054362,0.0
104,474.445157771298,93.42994128024955,-0.05217541111707088,0.0387871838501849,0.013404759821488777,0.31981315951932443,0.0
105,477.78082654386196,93.81719468241832,-0.0541412504100212,0.035986099336183415,0.013326298577904535,0.3198148414811691,0.0
106,481.11427254929004,94.20174846380755,-0.05600449201917753,0.029960271304495432,0.013250060272372789,0.3198164702264411,0.0
107,484.4454798773626,94.58364761226137,-0.05777027508191647,0.0212681479955613,0.013175967328589836,0.31981804787808626,0.0
108,487.77443597433705,94.96293595067479,-0.05944348559272641,0.010705351983571323,0.013103945544204873,0.31981957645333525,0.0
109,491.1011314255411,95.3396561775102,-0.06102876877076373,-0.0007681117268801239,0.013033923912782163,0.3198210578700375,0.0
110,494.42555974956815,95.71384990555696,-0.06253054082665195,-0.012115078063360103,0.012965834456763803,0.31982249395254947,0.0
111,497.747717203504,96.08555769902478,-0.06395300015751054,-0.022314952542455274,0.012899612070658536,0.3198238864372224,0.0
112,501.06760259864404,96.45481910905609,-0.06530013799781721,-0.030455481920333996,0.012835194373743336,0.3198252369775119,0.0
113,504.38521712618314,96.82167270773802,-0.06657574855238971,-0.03581431527849326,0.012772521571619701,0.3198265471487438,0.0
114,507.7005641923819,97.18615612068932,-0.06778343863651475,-0.03792306609479734,0.012711536326017955,0.3198278184525615,0.0
115,511.01364926274147,97.54830605829363,-0.06892663684705544,-0.03660819720848814,0.012652183632288937,0.31982905232107817,0.0
116,514.3244797147338,97.90815834564602,-0.07000860228722557,-0.03200516491784655,0.012594410704065459,0.3198302501207565,0.0
117,517.6330646986631,98.26574795127611,-0.07103243286663148,-0.024544682946051978,0.012538166864614573,0.31983141315603714,0.0
118,520.9394150062448,98.62110901470744,-0.07200107319714641,-0.014912481918971703,0.012483403444437815,0.31983254267273253,0.0
119,524.2435429465178,98.97427487290928,-0.07291732210419313,-0.003986318524319375,0.012430073684709142,0.31983363986120517,0.0
120,527.5454622287167,99.32527808569407,-0.07378383977207055,0.007243982720548435,0.012378132646170584,0.31983470585934454,0.0
121,530.8451878517515,99.67415046011067,-0.074603154541064,0.017766174014342547,0.012327537123133314,0.3198357417553583,0.0
122,534.142735999957,100.02092307388074,-0.07537766937322406,0.02663679869037686,0.01227824556225727,0.3198367485903902,0.0
123,537.4381239447949,100.36562629792323,-0.07610966800288617,0.033065758360897084,0.0122302179858059,0.31983772736097543,0.0
124,540.7313699521997,100.70828981800915,-0.07680132078722895,0.03648665498058397,0.012183415919094265,0.3198386790213507,0.0
125,544.0224931952818,101.048942655587,-0.07745469027143086,0.03660664816891986,0.012137802321868518,0.3198396044856194,0.0
126,547.3115136721087,101.38761318781651,-0.07807173648228286,0.03343144305611129,0.01209334152337311,0.31984050462979163,0.0
127,550.5984521283041,101.72432916684693,-0.07865432196344557,0.02726328409381674,0.012049999160879194,0.31984138029370035,0.0
128,553.8833299842124,102.05911773837367,-0.07920421656490292,0.01867227035789016,0.012007742121462972,0.3198422322828077,0.0
129,557.1661692663927,102.39200545950582,-0.07972310199855709,0.008443707358433099,0.011966538486837477,0.3198430613699023,0.0
130,560.4469925432155,102.72301831597495,-0.0802125761713326,-0.0024936464882856554,0.011926357481054486,0.3198438682967025,0.0
131,563.725822864347,103.05218173871428,-0.08067415730660783,-0.013151885381825107,0.011887169420905539,0.3198446537753642,0.0
132,567.0026837039163,103.37952061983583,-0.08110928786426833,-0.0225731633965326,0.011848945668862618,0.3198454184899059,0.0
133,570.2775989071713,103.70505932803158,-0.08151933826917837,-0.02991575031547862,0.011811658588409468,0.31984616309755165,0.0
134,573.5505926404392,104.02882172342365,-0.08190561045739284,-0.03452920677143684,0.01177528150162444,0.3198468882299993,0.0
135,576.8216893442147,104.35083117188681,-0.08226934124898004,-0.03601196733568595,0.011739788648884824,0.31984759449461914,0.0
136,580.0909136892105,104.67111055886606,-0.08261170555589605,-0.03424623703690208,0.011705155150570922,0.3198482824755859,0.0
137,583.3582905352098,104.98968230271035,-0.08293381943294219,-0.02940717405629094,0.011671356970656202,0.3198489527349492,0.0
138,586.6238448925724,105.30656836754277,-0.0832367429794483,-0.02194566072551667,0.01163837088207692,0.3198496058136471,0.0
139,589.8876018862491,105.62179027568659,-0.08352148309895269,-0.012546345496099773,0.011606174433781416,0.3198502422324632,0.0
140,593.1495867221706,105.93536911966541,-0.08378899612379799,-0.0020648557481809816,0.011574745919365668,0.31985086249293504,0.0
141,596.40982465588,106.24732557379483,-0.08404019031122609,0.008550063568334505,0.011544064347207344,0.3198514670782131,0.0
142,599.6683409632876,106.55767990538244,-0.0842759282172352,0.01834240256711731,0.011514109412016287,0.31985205645387554,0.0
143,602.9251609134323,106.86645198555193,-0.08449702895415898,0.02643496363986564,0.011484861467724108,0.31985263106869966,0.0
144,606.1803097431355,107.17366129970625,-0.08470427033763717,0.03210791517966232,0.011456301501640648,0.31985319135539525,0.0
145,609.4338126334496,107.47932695764456,-0.08489839092837247,0.03486278959559041,0.011428411109809113,0.31985373773129877,0.0
146,612.6856946877939,107.78346770334636,-0.08508009197380627,0.03446623857583572,0.011401172473496141,0.3198542705990324,0.0
147,615.9359809116888,108.08610192443618,-0.08525003925459587,0.030969708839354595,0.011374568336756574,0.3198547903471319,0.0
148,619.1846961939978,108.38724766134112,-0.08540886484053874,0.02470338795601396,0.011348581985016478,0.3198552973506398,0.0
149,622.4318652895896,108.68692261615334,-0.08555716876036394,0.01624509376104877,0.011323197224621249,0.3198557919716722,0.0
150,625.6775128033444,108.98514416120875,-0.08569552058959498,0.006367032598564019,0.011298398363298762,0.31985627455995563,0.0
151,624.6327040332384,109.28192934739293,4.203134681225042,-0.00403467119197907,0.011274170191490431,0.31985674545333853,1.0
152,622.6428446089074,109.57729491218454,3.8844684098548137,-0.014021246056291327,0.011250497964505729,0.31985720497827785,2.0
153,620.9240022164341,109.87125728744628,3.6957387265482184,-0.022695975901215804,0.011227367385458424,0.31985765345030204,2.0
154,619.4553133090897,110.16383260697282,3.4907370486717078,-0.029284694265806238,0.011204764588945018,0.3198580911744518,2.0
155,618.6342066126766,110.45503671380482,2.890786908910871,-0.033204846554651155,0.011182676125428165,0.31985851844569996,3.0
156,618.0945973502066,110.74488516731769,2.7638521927507034,-0.034116961892133243,0.011161088946290022,0.31985893554935213,3.0
157,617.3814845500534,111.03339325009354,2.9734925710944813,-0.031953990082635934,0.011139990389522342,0.31985934276142736,2.0
158,617.4315954671495,111.320575974584,2.1492024914588064,-0.026925974024748875,0.011119368166022024,0.3198597403490225,4.0
159,617.5176156289278,111.6064480895719,2.339144808514047,-0.01949976038492385,0.011099210346462562,0.3198601285706589,3.0
160,617.0310292544025,111.89102408643876,2.858462453171942,-0.010355699378654807,0.011079505348713468,0.31986050767661256,1.0
161,617.0969148631609,112.17431820524534,2.1552328204206535,-0.00032534573333817436,0.011060241925781249,0.3198608779092321,3.0
162,617.7937628598482,112.45634444063175,1.723073492798197,0.00968413725975231,0.011041409154246952,0.3198612395032382,4.0
163,618.168111771754,112.73711654754369,2.169738340714135,0.018772000484499635,0.01102299642317665,0.31986159268601294,2.0
164,619.0014860781814,113.01664804679083,1.5795362694276878,0.026124944349518255,0.011004993423482538,0.31986193767787496,4.0
165,619.8838256634323,113.2949522304434,1.703593000471166,0.03108987850375514,0.010987390137713476,0.3198622746923424,3.0
166,620.7799889695546,113.57204216707245,1.6513645809309871,0.03323189892188288,0.01097017683025483,0.31986260393638427,3.0
167,621.7837177536785,113.84793070683938,1.5594260664991544,0.03237233833495052,0.010953344037918807,0.3198629256106619,3.0
168,622.6878949135412,114.12263048643983,1.6850700449278613,0.028603565100807273,0.010936882560907074,0.3198632399097574,2.0
169,624.0291099389924,114.39615393390702,1.2077902973054924,0.022279314873762092,0.010920783454128762,0.3198635470223956,4.0
170,625.7830683014257,114.6685132732792,0.940921009953513,0.013981547559213547,0.01090503801885766,0.319863847131654,5.0
171,627.6781825239132,114.93972052913604,0.8827143150109238,0.004466929800908527,0.010889637794713077,0.3198641404151644,5.0
172,629.3021432033081,115.20978753100813,1.1719901868955405,-0.005402138550686737,0.010874574551950119,0.31986442704530693,3.0
173,630.8605891761171,115.47872591766408,1.1454643042439248,-0.014735669090962217,0.01085984028404525,0.31986470718939475,3.0
174,632.8012937858609,115.74654714127907,0.7710626428430593,-0.02269632176034972,0.01084542720056422,0.3198649810098518,5.0
175,634.9157604761086,116.01326247148903,0.7156144561423425,-0.02857450220795881,0.010831327720299785,0.3198652486643821,5.0
176,637.0855054215017,116.278882999334,0.6779059113353055,-0.031851586554613565,0.010817534464667452,0.31986551030613464,5.0
177,639.3021033717102,116.54341964109449,0.6427889070042567,-0.032245642689619824,0.010804040251347896,0.3198657660838584,5.0
178,641.5629912299204,116.80688314202412,0.6094228916216211,-0.02973562070188527,0.010790838088165475,0.3198660161420529,5.0
179,643.8660020061126,117.06928407998214,0.5776867465442356,-0.02456194296091971,0.010777921167192561,0.3198662606211123,5.0
180,646.2090854013004,117.33063286896888,0.5474991823733275,-0.01720355874217621,0.010765282859070056,0.31986649965746383,5.0
181,648.5902893499035,117.59093976256732,0.518784570629225,-0.008333646157730565,0.010752916707534869,0.31986673338370064,5.0
182,651.0077548417175,117.85021485729376,0.49147105636778676,0.0012419450179886032,0.010740816424145616,0.319866961928709,5.0
183,653.4597115934648,118.1084680958605,0.46549029357238,0.010657883186210202,0.010728975883198159,0.31986718541779124,5.0
184,655.9444739397611,118.36570927035322,0.4407772699874014,0.019067532176831777,0.010717389116823066,0.3198674039727831,5.0
185,658.4604369051877,118.62194802532586,0.4172701443217116,0.02571905502658538,0.01070605031025743,0.3198676177121675,5.0
186,661.0060724490073,118.87719386081548,0.3949100915832113,0.030022605309697532,0.01069495379728377,0.31986782675118264,5.0
187,663.5799258757291,119.13145613527965,0.3736411559662294,0.031602603363521345,0.010684094055829256,0.3198680312019272,5.0
188,666.180612404988,119.38474406845869,0.35341011091426944,0.03033046712435912,0.010673465703718596,0.3198682311734609,5.0
189,668.8068138943897,119.63706674416514,0.334166326007716,0.026334949525200387,0.01066306349457436,0.31986842677190086,5.0
190,671.4572757091674,119.88843311300263,0.3158616403436182,0.019989264056769408,0.01065288231385885,0.3198686181005156,5.0
191,674.1308037326762,120.13885199501641,0.2984502420909198,0.01187627325057134,0.010642917175051753,0.3198688052598145,5.0
192,676.8262615119461,120.38833208227733,0.2818885539199626,0.0027349828058528397,0.010633163215958138,0.3198689883476334,5.0
193,679.5425675326969,120.6368819414017,0.26613512401975725,-0.006606749639168822,0.010623615695141708,0.3198691674592188,5.0
194,682.2786926184048,120.8845100160085,0.25115052243051156,-0.015307165954440182,0.010614269988478272,0.31986934268730816,5.0
195,684.7967602057639,121.13122462911619,0.47379448486435827,-0.022586435252235568,0.01060512158582477,0.3198695141222058,0.0
196,687.2409148389661,121.37703398548058,0.47036893772810434,-0.027796529030840775,0.010596166087799239,0.31986968185185877,0.0
197,689.7104219685478,121.62194617387578,0.44559028967771563,-0.030478884727777288,0.010587399202667588,0.31986984596192725,0.0
198,692.2135229766302,121.86596916931971,0.41986901181290115,-0.030404729020729163,0.010578816743332855,0.3198700065358549,0.0
199,694.7495305099744,122.10911083524586,0.39518796514287047,-0.027594518480350654,0.010570414624423152,0.31987016365493476,0.0
200,697.3169358669111,122.35137892562287,0.3716900878099941,-0.022314852329442476,0.010562188859474483,0.31987031739837446,0.0
201,699.9142169448387,122.59278108702344,0.3493370253866578,-0.015053247799639019,0.01055413555820478,0.319870467843357,0.0
202,702.5399159770287,122.83332486064394,0.32807486223069177,-0.006473158990517067,0.01054625092387583,0.31987061506510156,0.0
203,705.1926442534079,123.07301768427628,0.3078505693686432,0.0026466136837058098,0.010538531250739622,0.3198707591369213,0.0
204,707.8710796623828,123.31186689423325,0.2886135301406174,0.01148259226302405,0.010530972921566137,0.3198709001302786,0.0
205,710.5739636446184,123.54987972722877,0.27031557943212187,0.019240957645773535,0.010523572405249456,0.3198710381148399,0.0
206,713.3000982137489,123.78706332221425,0.25291089979205905,0.025228845013489654,0.010516326254489256,0.31987117315852637,0.0
207,716.0483431044747,124.02342472217231,0.2363559084972015,0.028916196893153123,0.010509231103545043,0.3198713053275657,0.0
208,718.8176130491045,124.25897087586904,0.22060914871274787,0.029982654293034493,0.010502283666060352,0.3198714346865395,0.0
209,721.6068751778213,124.49370863956601,0.20563118581999848,0.028345340519543353,0.01049548073295441,0.3198715612984308,0.0
210,724.4151465375355,124.727644778693,0.19138450878621932,0.02416513266816077,0.010488819170378864,0.3198716852246696,0.0
211,727.2414917243043,124.96078596948277,0.17783343634349252,0.017830963915900624,0.010482295917737122,0.319871806525176,0.0
212,730.085020624475,125.19313880056863,0.16494402774328268,0.009923679254970726,0.010475907985764265,0.31987192525840336,0.0
213,732.9448862598767,125.42470977454607,0.15268399786368142,0.0011627998843981129,0.01046965245466507,0.319872041481379,0.0
214,735.8202827325622,125.65550530949925,0.14102263645705954,-0.0076589270789174674,0.010463526472308431,0.31987215524974394,0.0
215,738.7104432647656,125.88553174049338,0.12993073133619223,-0.015747241970313897,0.01045752725247594,0.3198722666177911,0.0
216,741.6146383299063,126.11479532103398,0.1193804953067755,-0.022377863509925093,0.010451652073162848,0.3198723756385027,0.0
217,744.5321738706314,126.34330222449368,0.10934549666361579,-0.026961324225944976,0.01044589827492953,0.3198724823635862,0.0
218,747.4623896000436,126.57105854550771,0.09980059307668714,-0.029095348458049713,0.010440263259301748,0.3198725868435089,0.0
219,750.404657382412,126.79807030133861,0.09072186870172949,-0.02860012120776945,0.01043474448721802,0.319872689127532,0.0
220,753.3583796898171,127.02434343321133,0.08208657435811988,-0.02553335918504134,0.01042933947752241,0.3198727892637424,0.0
221,756.322988131314,127.24988380761913,0.07387307062442348,-0.020183928645773147,0.010424045805501339,0.31987288729908564,0.0
222,759.2979420513506,127.47469721760127,0.06606077370932403,-0.013044691681081712,0.010418861101462746,0.3198729832793953,0.0
223,762.2827271942974,127.69878938399326,0.058630103962573996,-0.004767128649916382,0.010413783049356326,0.3198730772494231,0.0
224,765.276854432092,127.92216595665008,0.05156243689720763,0.003898088144585596,0.010408809385433346,0.319873169252868,0.0
225,768.2798585521101,128.14483251564351,0.04484005660053768,0.01216915092210236,0.01040393789694479,0.3198732593324038,0.0
226,771.2912971025136,128.36679457243392,0.03844611141743216,0.019303634802742328,0.010399166420876554,0.3198733475297054,0.0
227,774.3107492924294,128.5880575710171,0.03236457179504758,0.024665119131732284,0.01039449284272042,0.31987343388547607,0.0
228,777.3378149444383,128.80862688904716,0.02658019018360121,0.027779935317221387,0.010389915095279697,0.3198735184394727,0.0
229,780.3721134969517,129.02850783893584,0.021078462892906387,0.028378983243233118,0.010385431157508302,0.31987360123052955,0.0
230,783.4132830541657,129.24770566892866,0.015845593809284072,0.026420927437723812,0.010381039053382323,0.3198736822965832,0.0
231,786.4609794813841,129.4662255641589,0.010868459882117992,0.02209477844184691,0.010376736850802879,0.31987376167469495,0.0
232,789.5148755435936,129.6840726476796,0.00613457829374392,0.01580173013118317,0.010372522660529357,0.3198738394010735,0.0
233,792.5746600852721,129.90125198147453,0.0016320752305747782,0.008117991350266262,0.010368394635142053,0.3198739155110972,0.0
234,795.6400372495016,130.11776856744797,-0.0026503438226349652,-0.0002579479582700238,0.010364350968033207,0.3198739900393346,0.0
235,798.7107257345413,130.33362734839477,-0.006723422339670113,-0.008568792254019325,0.010360389892425544,0.31987406301956517,0.0
236,801.7864580860982,130.54883320895024,-0.010597379631545747,-0.01606689102542814,0.010356509680417573,0.31987413448479984,0.0
237,804.8669800236179,130.7633909765211,-0.014281936414224405,-0.022081479110691377,0.010352708642054653,0.31987420446729903,0.0
238,807.9520497989859,130.97730542219733,-0.017786339129298286,-0.026078661135566075,0.010348985124425083,0.319874272998593,0.0
239,811.0414375861108,131.1905812616461,-0.021119383078457628,-0.027708777748115455,0.010345337510780456,0.3198743401094994,0.0
240,814.1349248999261,131.40322315598732,-0.024289434429598095,-0.026836953780271698,0.010341764219679481,0.31987440583014065,0.0
241,817.2323040434143,131.61523571265224,-0.027304451149600582,-0.023554163092042706,0.01033826370415458,0.3198744701899618,0.0
242,820.3333775813244,131.82662348622458,-0.030172002916131625,-0.018167911678971013,0.010334834450900571,0.3198745332177474,0.0
243,823.4379578393111,132.0373909792653,-0.03289929005825939,-0.01117347947185729,0.010331474979484733,0.3198745949416366,0.0
244,826.5458664272865,132.24754264312108,-0.035493161573253,-0.0032084062733119777,0.010328183841577604,0.31987465538914084,0.0
245,829.656933785828,132.4570828787169,-0.0379601322646206,0.005005598123838686,0.010324959620203928,0.3198747145871578,0.0
246,832.7709987545443,132.66601603733318,-0.04030639904424625,0.012728028667858115,0.010321800929013098,0.3198747725619867,0.0
247,835.8879081613435,132.8743464213678,-0.04253785643939399,0.019266324479050217,0.01031870641156853,0.31987482933934297,0.0
248,839.007516431612,133.08207828508336,-0.04466011134336013,0.02403795960807184,0.010315674740655412,0.31987488494437255,0.0
249,842.129685216341,133.28921583534012,-0.046678497046662173,0.026622320196721887,0.010312704617606281,0.3198749394016652,0.0
250,845.2542830382984,133.4957632323147,-0.048598086583855005,0.026797750164723716,0.010309794771643871,0.3198749927352683,0.0
251,848.3811849553764,133.70172459020506,-0.05042370542935258,0.0245605054680604,0.010306943959240759,0.3198750449687,0.0
252,851.5102722402895,133.90710397792233,-0.052159943574005975,0.020124001502754965,0.010304150963495327,0.3198750961249611,0.0
253,854.64143207584,134.11190541976902,-0.05381116701263992,0.013898519922028112,0.010301414593523532,0.319875146226548,0.0
254,857.774557264995,134.3161328961048,-0.055381528671276915,0.006453298956222362,0.010298733683866048,0.3198751952954647,0.0
255,860.9095459550688,134.51979034399957,-0.05687497880137693,-0.0015354928108143708,0.010296107093910305,0.3198752433532343,0.0
256,864.0463013753251,134.7228816578744,-0.05829527486708801,-0.009346146266042627,0.010293533707327059,0.3198752904209103,0.0
257,867.1847315873541,134.92541069013038,-0.05964599095023461,-0.016276593290050906,0.010291012431521005,0.3198753365190879,0.0
258,870.3247492476064,135.12738125176574,-0.06093052669656592,-0.02170749468283456,0.010288542197095116,0.3198753816679146,0.0
259,873.4662713814989,135.32879711298173,-0.062152115825637254,-0.025157567047199188,0.010286121957328202,0.31987542588710044,0.0
260,876.6092191685286,135.5296620037771,-0.06331383422560843,-0.026326208015494065,0.010283750687665478,0.31987546919592896,0.0
261,879.753517737868,135.72997961453177,-0.06441860765320324,-0.025119647057553002,0.010281427385221593,0.319875511613266,0.0
262,882.899095973928,135.9297535965797,-0.06546921905808825,-0.021658350669221876,0.010279151068295928,0.3198755531575709,0.0
263,886.0458863314109,136.12898756277147,-0.06646831554998886,-0.016265109202602435,0.010276920775899732,0.3198755938469042,0.0
264,889.1938246593924,136.3276850880265,-0.0674184150259676,-0.009434974115081872,0.01027473556729479,0.31987563369893846,0.0
265,892.3428500339915,136.52584970987525,-0.06832191247443992,-0.001789842032641543,0.010272594521543322,0.3198756727309661,0.0
266,895.4929045992176,136.72348492899172,-0.06918108597169377,0.005978150172324323,0.010270496737068771,0.31987571095990847,0.0
267,898.643933415593,136.92059420971637,-0.06999810238591113,0.01316926890075617,0.010268441331227238,0.31987574840232474,0.0
268,901.795884316175,137.11718098056963,-0.07077502280295751,0.019139197834477803,0.010266427439889186,0.3198757850744192,0.0
269,904.9487077696201,137.31324863475623,-0.07151380768750949,0.023356749318427825,0.010264454217031236,0.3198758209920508,0.0
270,908.1023567499445,137.50880053066066,-0.07221632179242972,0.025451105606299592,0.010262520834337693,0.3198758561707394,0.0
271,911.2567866126595,137.7038399923338,-0.0728843388286676,0.025244390608165038,0.010260626480811608,0.3198758906256748,0.0
272,914.4119549769672,137.8983703099709,-0.07351954590736616,0.0227667140302863,0.010258770362395073,0.3198759243717234,0.0
273,917.5678216137258,138.09239474038125,-0.07412354776528554,0.018252421572571193,0.010256951701598543,0.319875957423436,0.0
274,920.7243483389032,138.28591650744966,-0.07469787078411169,0.012117982635613254,0.010255169737138909,0.3198759897950544,0.0
275,923.8814989122475,138.4789388025897,-0.07524396681370324,0.004923597456134912,0.010253423723586097,0.31987602150051886,0.0
276,927.0392389409265,138.6714647851893,-0.07576321680883968,-0.0026779395684981807,0.010251712931018012,0.3198760525534748,0.0
277,930.1975357878894,138.86349758304846,-0.07625693428856696,-0.010000454346843272,0.010250036644683533,0.31987608296727876,0.0
278,933.3563584847246,139.05504029280942,-0.07672636862679338,-0.016386315660080742,0.01024839416467339,0.31987611275500577,0.0
279,936.5156776487893,139.24609598037958,-0.07717270818236671,-0.02126547925734476,0.010246784805598768,0.3198761419294552,0.0
280,939.6754654044076,139.43666768134693,-0.07759708327646145,-0.02420635390346143,0.010245207896277326,0.3198761705031563,0.0
281,942.835695307937,139.62675840138866,-0.07800056902472416,-0.024953952325035986,0.010243662779426501,0.3198761984883757,0.0
282,945.9963422765131,139.81637111667254,-0.07838418803126056,-0.02345195704524943,0.010242148811363974,0.3198762258971218,0.0
283,949.157382520295,140.00550877425178,-0.07874891295120379,-0.01984679560778936,0.010240665361714956,0.3198762527411507,0.0
284,952.3187934780399,140.19417429245297,-0.07909566892827313,-0.01447344837281555,0.010239211813126268,0.3198762790319728,0.0
285,955.480553755843,140.3823705612576,-0.07942533591342116,-0.007824357520463206,0.010237787560986986,0.3198763047808569,0.0
286,958.6426430688922,140.57010044267724,-0.07973875087036898,-0.0005043199455309361,0.010236392013155427,0.3198763299988363,0.0
287,961.805042186084,140.75736677112235,-0.08003670987354712,0.006824506236624456,0.010235024589692448,0.3198763546967137,0.0
288,964.9677328773671,140.944172353765,-0.0803199701036896,0.013502482726572871,0.010233684722600767,0.3198763788850664,0.0
289,968.1306978636761,141.13051997089548,-0.0805892517460737,0.018931845888679986,0.010232371855570233,0.319876402574251,0.0
290,971.2939207693319,141.3164123762732,-0.08084523979615381,0.022630196104995365,0.01023108544372887,0.31987642577440856,0.0
291,974.4573860767838,141.50185229747163,-0.08108858577710638,0.024273336920779584,0.010229824953399557,0.3198764484954688,0.0
292,977.6210790835854,141.68684243621763,-0.08131990937358283,0.02372366170961472,0.010228589861862177,0.319876470747155,0.0
293,980.784985861487,141.8713854687252,-0.08153979998575732,0.021041605320640356,0.010227379657121163,0.3198764925389888,0.0
294,983.9490932175489,142.05548404602393,-0.08174881820755742,0.01647921473475323,0.010226193837678227,0.31987651388029376,0.0
295,987.1133886571699,142.2391407942819,-0.08194749723277554,0.01045650677566775,0.010225031912310232,0.3198765347802006,0.0
296,990.2778603489427,142.42235831512343,-0.08213634419257927,0.0035228267465676,0.010223893399851998,0.3198765552476505,0.0
297,993.4424970912429,142.60513918594182,-0.08231584142776649,-0.0036932392895781332,0.010222777828983957,0.3198765752913998,0.0
298,996.6072882804685,142.78748596020682,-0.0824864476989487,-0.010540833459481105,0.010221684738024586,0.3198765949200235,0.0
299,999.7722238808485,142.96940116776744,-0.08264859933768971,-0.016405514647181263,0.010220613674727371,0.3198766141419197,0.0
300,1002.9372943957457,143.15088731514967,-0.08280271134148051,-0.020764376110696606,0.010219564196082371,0.319876632965313,0.0
301,1006.1024908403755,143.33194688584965,-0.08294917841528943,-0.023232649416931678,0.010218535868122122,0.31987665139825827,0.0
302,1009.2678047158773,143.512582340622,-0.0830883759622936,-0.023597642909111725,0.01021752826573183,0.31987666944864424,0.0
303,1012.4332279846691,143.6927961177638,-0.08322066102627093,-0.021837023572010818,0.010216540972463776,0.3198766871241975,0.0
304,1015.5987530470202,143.87259063339397,-0.08334637318801036,-0.01811987521011444,0.010215573580355793,0.3198767044324852,0.0
305,1018.7643727187885,144.05196828172816,-0.08346583541798328,-0.012790523821117245,0.01021462568975374,0.3198767213809194,0.0
306,1021.9300802102592,144.23093143534962,-0.08357935488740983,-0.006336672045164484,0.010213696909137869,0.319876737976759,0.0
307,1025.095869106032,144.4094824454755,-0.08368722373974959,0.0006552109559733168,0.010212786854952966,0.31987675422711465,0.0
308,1028.2617333459111,144.58762364221928,-0.08378971982454726,0.00755316555606783,0.010211895151442251,0.3198767701389506,0.0
309,1031.4276672067383,144.76535733484897,-0.0838871073954693,0.013736845483115767,0.010211021430484912,0.31987678571908856,0.0
310,1034.5936652851328,144.94268581204136,-0.08397963777427891,0.018653290917048045,0.010210165331437074,0.31987680097421023,0.0
311,1037.759722481089,145.1196113421324,-0.08406754998241042,0.021866357941276338,0.010209326500976366,0.3198768159108606,0.0
312,1040.9258339823868,145.29613617336364,-0.08415107134172395,0.02309538741566862,0.010208504592949778,0.3198768305354503,0.0
313,1044.091995249783,145.47226253412495,-0.08423041804594364,0.022239686875278764,0.010207699268224811,0.31987684485425966,0.0
314,1047.2582020029347,145.6479926331936,-0.08430579570420979,0.01938669301881577,0.01020691019454391,0.31987685887343986,0.0
315,1050.4244502070305,145.8233286599696,-0.08437739985810487,0.014803161759941667,0.010206137046381963,0.31987687259901676,0.0
316,1053.5907360600827,145.9982727847074,-0.08444541647344786,0.008910263598967188,0.01020537950480693,0.3198768860368933,0.0
317,1056.7570559808578,146.17282715874435,-0.08451002240808754,0.0022449062048905347,0.010204637257343458,0.3198768991928517,0.0
318,1059.923406597407,146.34699391472546,-0.08457138585686583,-0.004589165960655884,0.010203909997839437,0.31987691207255653,0.0
319,1063.0897847361734,146.52077516682493,-0.08462966677486446,-0.010976042828915542,0.010203197426335384,0.3198769246815567,0.0
320,1066.256187411641,146.69417301096428,-0.08468501727999513,-0.016343141458231503,0.010202499248936693,0.31987693702528824,0.0
321,1069.4226118165027,146.86718952502724,-0.08473758203594015,-0.020212521863160048,0.010201815177688539,0.31987694910907644,0.0
322,1072.5890553123227,147.03982676907157,-0.08478749861640265,-0.022243428398379547,0.010201144930453536,0.31987696093813833,0.0
323,1075.7555154206643,147.21208678553745,-0.08483489785157818,-0.02226227184506879,0.010200488230791943,0.3198769725175849,0.0
324,1078.9219898146664,147.38397159945313,-0.0848799041577145,-0.020277416608468393,0.010199844807844468,0.31987698385242297,0.0
325,1082.0884763110398,147.55548321863728,-0.08492263585058571,-0.016477518153288843,0.01019921439621754,0.31987699494755795,0.0
326,1085.254972862468,147.72662363389853,-0.08496320544366427,-0.011213642556589196,0.01019859673587104,0.31987700580779543,0.0
327,1088.4214775503908,147.89739481923198,-0.08500171993173827,-0.004966858507780019,0.010197991572008392,0.3198770164378439,0.0
328,1091.5879885781499,148.0677987320129,-0.08503828106068406,0.0016957088864853146,0.010197398654969016,0.31987702684231567,0.0
329,1094.754504264481,148.23783731318764,-0.08507298558406898,0.008172349643995644,0.010196817740123017,0.3198770370257301,0.0
330,1097.9210230373362,148.40751248746162,-0.08510592550722772,0.013881095729758812,0.010196248587768159,0.3198770469925148,0.0
331,1101.0875434280151,148.57682616348478,-0.08513718831942278,0.01831199946941487,0.010195690963028959,0.31987705674700734,0.0
332,1104.2540640655957,148.7457802340343,-0.08516685721467063,0.021072668738125314,0.010195144635757932,0.31987706629345836,0.0
333,1107.420583671646,148.91437657619457,-0.08519501130178661,0.021922994474060924,0.010194609380438948,0.31987707563603135,0.0
334,1110.5871010552062,149.08261705153475,-0.08522172580417459,0.020795999078651373,0.010194084976092557,0.31987708477880644,0.0
335,1113.7536151080217,149.25050350628374,-0.08524707224986186,0.017802998743140248,0.010193571206183381,0.31987709372578077,0.0
336,1116.9201248000215,149.41803777150253,-0.08527111865225491,0.013222693522424056,0.010193067858529392,0.3198771024808711,0.0
337,1120.0866291750278,149.5852216632543,-0.08529392968206927,0.00747524741079328,0.010192574725213096,0.31987711104791466,0.0
338,1123.2531273466802,149.75205698277193,-0.0853155668308638,0.0010837662627492615,0.010192091602494648,0.3198771194306714,0.0
339,1126.4196184945718,149.91854551662337,-0.08533608856658922,-0.00537329644320197,0.010191618290726706,0.3198771276328253,0.0
340,1129.5861018605822,150.08468903687432,-0.08535555048154035,-0.011314477155735268,0.010191154594271085,0.31987713565798576,0.0
341,1132.7525767453958,150.25048930124905,-0.08537400543308304,-0.016207649020689725,0.010190700321417185,0.31987714350969,0.0
342,1135.919042505203,150.41594805328862,-0.08539150367750825,-0.019617666614457338,0.010190255284302098,0.3198771511914035,0.0
343,1139.0854985485669,150.58106702250709,-0.08540809299734839,-0.02124504412495495,0.010189819298832354,0.31987715870652156,0.0
344,1142.2519443334534,150.7458479245455,-0.0854238188224755,-0.02095223077665413,0.01018939218460738,0.31987716605837163,0.0
345,1145.4183793644138,150.9102924613237,-0.08543872434528421,-0.01877518072519594,0.010188973764844428,0.31987717325021386,0.0
346,1148.5848031899136,151.07440232119006,-0.0854528506302484,-0.014919249658727408,0.010188563866305218,0.31987718028524303,0.0
347,1151.7512153997977,151.23817917906916,-0.08546623671812609,-0.009739865778305754,0.010188162319223946,0.3198771871665891,0.0
348,1154.9176156228896,151.40162469660743,-0.08547891972507368,-0.003709790897238688,0.010187768957236887,0.3198771938973194,0.0
349,1158.0840035247134,151.5647405223168,-0.08549093493691833,0.002624014790174524,0.010187383617313459,0.3198772004804393,0.0
350,1161.2503788053345,151.7275282917164,-0.08550231589882397,0.008689990118034962,0.010187006139688636,0.31987720691889415,0.0
351,1164.4167411973144,151.88998962747218,-0.08551309450057674,0.013943536458632952,0.010186636367796865,0.31987721321556983,0.0
352,1167.5830904637708,152.05212613953492,-0.0855233010577031,0.01791589678625099,0.01018627414820725,0.31987721937329405,0.0
353,1170.7494263965395,152.21393942527612,-0.08553296438862398,0.020255964601468345,0.010185919330560182,0.31987722539483815,0.0
354,1173.9157488144351,152.3754310696221,-0.08554211188803859,0.02076129526347746,0.01018557176750512,0.3198772312829171,0.0
355,1177.0820575615992,152.53660264518638,-0.08555076959672218,0.019395582698463563,0.010185231314639881,0.3198772370401921,0.0
356,1180.24835250594,152.6974557124002,-0.08555896226791226,0.01629109625341301,0.010184897830450942,0.31987724266927053,0.0
357,1183.4146335376515,152.85799181964137,-0.08556671343045008,0.011735933577780543,0.010184571176255142,0.31987724817270746,0.0
358,1186.5809005678134,153.0182125033612,-0.08557404544883587,0.006147312693525989,0.010184251216142517,0.3198772535530069,0.0
359,1189.7471535270633,153.1781192882101,-0.08558097958034841,3.337677127536812e-05,0.010183937816920322,0.3198772588126223,0.0
360,1192.9133923643417,153.33771368716103,-0.08558753602937198,-0.006052993380778782,0.010183630848058189,0.3198772639539581,0.0
361,1196.0796170457038,153.49699720163179,-0.08559373399906749,-0.011564162277802572,0.01018333018163442,0.31987726897937074,0.0
362,1199.2458275531944,153.6559713216054,-0.08559959174051705,-0.01600700072533901,0.010183035692283432,0.31987727389116877,0.0
363,1202.4120238837836,153.81463752574888,-0.08560512659946558,-0.018986994915357255,0.010182747257144164,0.3198772786916154,0.0
364,1205.5782060483605,153.97299728153072,-0.08561035506077656,-0.020243259592043258,0.01018246475580968,0.31987728338292776,0.0
365,1208.7443740707822,154.13105204533653,-0.08561529279071384,-0.019671349582061935,0.010182188070277678,0.3198772879672788,0.0
366,1211.9105279869723,154.28880326258334,-0.08561995467715518,-0.017331877659744945,0.010181917084902122,0.3198772924467979,0.0
367,1215.076667844071,154.44625236783233,-0.08562435486783902,-0.013444234107662496,0.010181651686345768,0.3198772968235723,0.0
368,1218.24279369963,154.60340078490012,-0.08562850680674028,-0.008366047703650835,0.010181391763533743,0.31987730109964657,0.0
369,1221.4089056208552,154.76024992696873,-0.08563242326866628,-0.0025603079383306575,0.01018113720760799,0.31987730527702507,0.0
370,1224.575003683885,154.91680119669385,-0.08563611639216043,0.003446830842612679,0.010180887911882744,0.31987730935767184,0.0
371,1227.741087973116,155.073055986312,-0.0856395977107953,0.009113719153816157,0.010180643771800809,0.3198773133435116,0.0
372,1230.907158580561,155.22901567774613,-0.0856428781829349,0.013932038299620165,0.010180404684890794,0.31987731723643054,0.0
373,1234.0732156052457,155.38468164270998,-0.08564596822003978,0.017472382402729338,0.010180170550725225,0.3198773210382774,0.0
374,1237.2392591526382,155.54005524281092,-0.08564887771358709,0.019422510369077325,0.010179941270879471,0.31987732475086333,0.0
375,1240.4052893341125,155.69513782965174,-0.08565161606067255,0.01961486176237661,0.01017971674889152,0.3198773283759643,0.0
376,1243.5713062664404,155.84993074493096,-0.08565419218835908,0.018040913840095506,0.010179496890222585,0.3198773319153196,0.0
377,1246.7373100713125,156.0044353205419,-0.08565661457683334,0.014851153411817211,0.01017928160221852,0.3198773353706346,0.0
378,1249.9033008748916,156.1586528786705,-0.085658891281428,0.01034073797861676,0.010179070794071978,0.3198773387435807,0.0
379,1253.0692788073843,156.31258473189197,-0.08566102995356577,0.004922208204506802,0.010178864376785382,0.3198773420357951,0.0
380,1256.2352440026436,156.4662321832662,-0.08566303786067733,-0.0009122276591382178,0.010178662263134634,0.319877345248883,0.0
381,1259.401196597793,156.61959652643174,-0.0856649219051435,-0.006635390854142573,0.010178464367633555,0.3198773483844174,0.0
382,1262.5671367328723,156.77267904569908,-0.08566668864230949,-0.011732753056299075,0.010178270606499045,0.3198773514439397,0.0
383,1265.7330645505049,156.92548101614233,-0.08566834429761623,-0.015748680672377877,0.010178080897616962,0.3198773544289607,0.0
384,1268.8989801955856,157.07800370368992,-0.0856698947828922,-0.018327147389862276,0.010177895160508672,0.3198773573409611,0.0
385,1272.064883814987,157.2302483652142,-0.0856713457118467,-0.01924327850867165,0.010177713316298298,0.31987736018139196,0.0
386,1275.2307755572838,157.38221624861995,-0.08567270241480338,-0.018422933906106526,0.010177535287680627,0.31987736295167535,0.0
387,1278.3966555724933,157.53390859293168,-0.08567396995271168,-0.01594862697500464,0.010177360998889667,0.3198773656532052,0.0
388,1281.5625240118338,157.6853266283799,-0.08567515313047082,-0.012051315150807849,0.010177190375667809,0.3198773682873472,0.0
389,1284.7283810274973,157.83647157648645,-0.08567625650960045,-0.007088871522159334,0.01017702334523569,0.3198773708554404,0.0
390,1287.8942267724353,157.98734465014857,-0.08567728442028975,-0.0015132416746597216,0.010176859836262559,0.3198773733587966,0.0
391,1291.0600614001607,158.13794705372217,-0.08567824097285519,0.004170701774321768,0.010176699778837343,0.3198773757987016,0.0
392,1294.2258850645617,158.28827998310388,-0.08567913006863603,0.00945086234636939,0.010176543104440236,0.31987737817641604,0.0
393,1297.3916979197263,158.4383446258122,-0.08567995541035513,0.01385404450438353,0.010176389745914876,0.3198773804931748,0.0
394,1300.5575001197817,158.58814216106768,-0.08568072051197098,0.016988346746213082,0.010176239637441091,0.3198773827501883,0.0
395,1303.7232918187408,158.73767375987214,-0.0856814287080461,0.018578026269674308,0.010176092714508178,0.31987738494864304,0.0
396,1306.8890731703634,158.88694058508682,-0.08568208316265515,0.01848773503124754,0.010175948913888764,0.31987738708970187,0.0
397,1310.054844328022,159.03594379150974,-0.08568268687785555,0.016733999096200627,0.010175808173613129,0.31987738917450437,0.0
398,1313.2206054445812,159.18468452595198,-0.08568324270174182,0.013482971922170892,0.010175670432944114,0.3198773912041673,0.0
399,1316.3863566722853,159.33316392731322,-0.08568375333610423,0.009034732411015925,0.010175535632352462,0.3198773931797855,0.0
